date,quarter_num,year,hs_code,product_name,us_import_china,us_import_india,us_import_world,china_export_world,india_export_world,china_share_us,india_share_us,other_share_us,us_share_china_exports,us_share_india_exports,hhi_us_imports,concentration_level,diversification_score,us_import_china_growth,us_import_india_growth,us_import_world_growth,china_export_world_growth,india_export_world_growth,china_share_ma4,india_share_ma4,china_trend,india_trend,china_momentum,india_momentum,trade_intensity_china,trade_intensity_india,china_rca,india_rca,rca_advantage,china_dependency_risk,geopolitical_risk_score,risk_level,india_opportunity_score,china_india_ratio,analysis_timestamp,ntm_count,ntm_codes,has_sps,has_tbt,has_export_restriction,technical_measure_count,non_technical_count,ntm_severity
2020-Q3,20203,2020,306,"Crustaceans, whether in shell or not, live, fresh, chilled, frozen, dried, salted or in brine, ...",1662,595252,2324206,249880,1101496,0.07,25.61,74.32,0.67,54.04,0.6179,HIGH,0.3821,,,,,,0.07,25.61,STABLE,STABLE,,,6.0332,490.1942,0.0558,3.2908,INDIA,0.07,38.57,LOW,62.69,0.0,2025-10-25 15:21:53,0,,0,0,0,0,0,NONE
2020-Q4,20204,2020,306,"Crustaceans, whether in shell or not, live, fresh, chilled, frozen, dried, salted or in brine, ...",2422,587018,2010185,356844,1091685,0.12,29.2,70.68,0.68,53.77,0.5848,HIGH,0.4152,45.73,-1.38,-13.51,42.81,-0.89,0.1,27.4,INCREASING,INCREASING,0.05,3.59,7.1184,563.9529,0.0854,4.7818,INDIA,0.12,37.6,LOW,76.19,0.0,2025-10-25 15:21:53,0,,0,0,0,0,0,NONE
2021-Q1,20211,2021,306,"Crustaceans, whether in shell or not, live, fresh, chilled, frozen, dried, salted or in brine, ...",2286,484264,1743985,194255,882625,0.13,27.77,72.1,1.18,54.87,0.597,HIGH,0.403,-5.62,-17.5,-13.24,-45.56,-19.15,0.11,27.53,INCREASING,INCREASING,0.01,-1.43,14.2261,663.2664,0.0564,2.9217,INDIA,0.13,37.97,LOW,58.16,0.0,2025-10-25 15:21:53,0,,0,0,0,0,0,NONE
2021-Q2,20212,2021,306,"Crustaceans, whether in shell or not, live, fresh, chilled, frozen, dried, salted or in brine, ...",4021,558525,3195294,209719,1345992,0.13,17.48,82.39,1.92,41.5,0.7094,HIGH,0.2906,75.9,15.33,83.22,7.96,52.5,0.11,25.02,INCREASING,DECREASING,0.0,-10.29,12.6506,273.7878,0.0368,2.1816,INDIA,0.13,41.35,MEDIUM,54.88,0.01,2025-10-25 15:21:53,0,,0,0,0,0,0,NONE
2021-Q3,20213,2021,306,"Crustaceans, whether in shell or not, live, fresh, chilled, frozen, dried, salted or in brine, ...",5938,821886,3051090,242154,1605571,0.19,26.94,72.87,2.45,51.19,0.6036,HIGH,0.3964,47.67,47.15,-4.51,15.47,19.29,0.14,25.35,INCREASING,INCREASING,0.06,9.46,16.9441,353.7137,0.0421,2.4276,INDIA,0.19,38.2,LOW,53.58,0.01,2025-10-25 15:21:53,0,,0,0,0,0,0,NONE
2021-Q4,20214,2021,306,"Crustaceans, whether in shell or not, live, fresh, chilled, frozen, dried, salted or in brine, ...",8429,830418,2950387,353575,1412217,0.29,28.15,71.56,2.38,58.8,0.5913,HIGH,0.4087,41.95,1.04,-3.3,46.01,-12.04,0.18,25.08,INCREASING,INCREASING,0.1,1.21,17.0349,420.1856,0.0614,2.2992,INDIA,0.29,37.88,LOW,51.85,0.01,2025-10-25 15:21:53,0,,0,0,0,0,0,NONE
2022-Q1,20221,2022,306,"Crustaceans, whether in shell or not, live, fresh, chilled, frozen, dried, salted or in brine, ...",6767,625542,2416510,163924,953516,0.28,25.89,73.83,4.13,65.6,0.6121,HIGH,0.3879,-19.72,-24.67,-18.1,-53.64,-32.48,0.22,24.62,INCREASING,INCREASING,-0.01,-2.26,36.0155,572.354,0.0397,1.4521,INDIA,0.28,38.5,LOW,44.28,0.01,2025-10-25 15:21:53,0,,0,0,0,0,0,NONE
2022-Q2,20222,2022,306,"Crustaceans, whether in shell or not, live, fresh, chilled, frozen, dried, salted or in brine, ...",5209,588362,3315105,172380,1405596,0.16,17.75,82.09,3.02,41.86,0.7054,HIGH,0.2946,-23.02,-5.94,37.19,5.16,47.41,0.23,24.68,DECREASING,DECREASING,-0.12,-8.14,19.2174,266.2022,0.0335,1.4395,INDIA,0.16,41.24,MEDIUM,47.36,0.01,2025-10-25 15:21:53,0,,0,0,0,0,0,NONE
2022-Q3,20223,2022,306,"Crustaceans, whether in shell or not, live, fresh, chilled, frozen, dried, salted or in brine, ...",2956,603461,2080616,188321,1406844,0.14,29.0,70.86,1.57,42.89,0.5862,HIGH,0.4138,-43.25,2.57,-37.24,9.25,0.09,0.22,25.2,DECREASING,INCREASING,-0.02,11.25,15.9052,434.6464,0.0534,2.5358,INDIA,0.14,37.66,LOW,53.81,0.0,2025-10-25 15:21:53,0,,0,0,0,0,0,NONE
2022-Q4,20224,2022,306,"Crustaceans, whether in shell or not, live, fresh, chilled, frozen, dried, salted or in brine, ...",5375,524450,1729272,302383,1132148,0.31,30.33,69.36,1.78,46.32,0.5731,HIGH,0.4269,81.83,-13.09,-16.89,60.57,-19.53,0.22,25.74,INCREASING,INCREASING,0.17,1.33,21.6712,564.758,0.0956,2.3447,INDIA,0.31,37.35,LOW,51.44,0.01,2025-10-25 15:21:53,0,,0,0,0,0,0,NONE
2023-Q1,20231,2023,306,"Crustaceans, whether in shell or not, live, fresh, chilled, frozen, dried, salted or in brine, ...",4615,426175,1522177,190151,966564,0.3,28.0,71.7,2.43,44.09,0.5925,HIGH,0.4075,-14.14,-18.74,-11.98,-37.12,-14.63,0.23,26.27,INCREASING,INCREASING,-0.01,-2.33,33.615,610.6846,0.0724,1.8271,INDIA,0.3,37.92,LOW,47.19,0.01,2025-10-25 15:21:53,0,,0,0,0,0,0,NONE
2023-Q2,20232,2023,306,"Crustaceans, whether in shell or not, live, fresh, chilled, frozen, dried, salted or in brine, ...",4353,446850,1981330,174793,1110123,0.22,22.55,77.23,2.49,40.25,0.6473,HIGH,0.3527,-5.68,4.85,30.16,-8.08,14.85,0.24,27.47,DECREASING,DECREASING,-0.08,-5.45,26.4992,428.3104,0.0535,1.9299,INDIA,0.22,39.53,LOW,50.37,0.01,2025-10-25 15:21:53,0,,0,0,0,0,0,NONE
2023-Q3,20233,2023,306,"Crustaceans, whether in shell or not, live, fresh, chilled, frozen, dried, salted or in brine, ...",2951,555809,2006419,180048,1274687,0.15,27.7,72.15,1.64,43.6,0.5973,HIGH,0.4027,-32.21,24.38,1.27,3.01,14.82,0.24,27.14,DECREASING,INCREASING,-0.07,5.15,17.222,458.1685,0.0509,2.0998,INDIA,0.15,37.99,LOW,49.98,0.01,2025-10-25 15:21:53,0,,0,0,0,0,0,NONE
2023-Q4,20234,2023,306,"Crustaceans, whether in shell or not, live, fresh, chilled, frozen, dried, salted or in brine, ...",4713,499573,1641212,269370,1092092,0.29,30.44,69.27,1.75,45.74,0.5725,HIGH,0.4275,59.71,-10.12,-18.2,49.61,-14.32,0.24,27.17,INCREASING,INCREASING,0.14,2.74,22.4754,587.6244,0.0906,2.4808,INDIA,0.29,37.32,LOW,52.75,0.01,2025-10-25 15:21:53,0,,0,0,0,0,0,NONE
2024-Q1,20241,2024,306,"Crustaceans, whether in shell or not, live, fresh, chilled, frozen, dried, salted or in brine, ...",3156,417902,1402574,155863,912071,0.23,29.8,69.97,2.02,45.82,0.5784,HIGH,0.4216,-33.04,-16.35,-14.54,-42.14,-16.48,0.22,27.62,INCREASING,INCREASING,-0.06,-0.64,30.4364,688.7234,0.0633,1.7906,INDIA,0.23,37.47,LOW,46.08,0.01,2025-10-25 15:21:53,0,,0,0,0,0,0,NONE
2024-Q2,20242,2024,306,"Crustaceans, whether in shell or not, live, fresh, chilled, frozen, dried, salted or in brine, ...",3101,399040,2145058,178059,1080044,0.14,18.6,81.26,1.74,36.95,0.6949,HIGH,0.3051,-1.74,-4.51,52.94,14.24,18.42,0.2,26.64,DECREASING,DECREASING,-0.09,-11.2,17.1168,363.1288,0.0512,1.6998,INDIA,0.14,40.92,MEDIUM,49.61,0.01,2025-10-25 15:21:53,0,,0,0,0,0,0,NONE
2024-Q3,20243,2024,306,"Crustaceans, whether in shell or not, live, fresh, chilled, frozen, dried, salted or in brine, ...",3286,545967,1842703,188106,1181162,0.18,29.63,70.19,1.75,46.22,0.5805,HIGH,0.4195,5.97,36.82,-14.1,5.64,9.36,0.21,27.12,DECREASING,INCREASING,0.04,11.03,19.9864,528.8425,0.0656,3.1505,INDIA,0.18,37.5,LOW,59.73,0.01,2025-10-25 15:21:53,0,,0,0,0,0,0,NONE
2024-Q4,20244,2024,306,"Crustaceans, whether in shell or not, live, fresh, chilled, frozen, dried, salted or in brine, ...",4555,536123,1772553,287319,1335012,0.26,30.25,69.49,1.59,40.16,0.5744,HIGH,0.4256,38.62,-1.8,-3.81,52.74,13.03,0.2,27.07,INCREASING,INCREASING,0.08,0.62,18.856,477.6446,0.0956,3.3875,INDIA,0.26,37.36,LOW,61.88,0.01,2025-10-25 15:21:53,0,,0,0,0,0,0,NONE
2025-Q1,20251,2025,306,"Crustaceans, whether in shell or not, live, fresh, chilled, frozen, dried, salted or in brine, ...",4101,525671,1690046,169887,1043887,0.24,31.1,68.66,2.41,50.36,0.5681,HIGH,0.4319,-9.97,-1.95,-4.65,-40.87,-21.81,0.2,27.4,INCREASING,INCREASING,-0.02,0.85,30.1131,628.1839,0.0726,2.4803,INDIA,0.24,37.16,LOW,52.46,0.01,2025-10-25 15:21:53,0,,0,0,0,0,0,NONE
2025-Q2,20252,2025,306,"Crustaceans, whether in shell or not, live, fresh, chilled, frozen, dried, salted or in brine, ...",1213,546771,2803732,193895,1320835,0.04,19.5,80.46,0.63,41.4,0.6854,HIGH,0.3146,-70.42,4.01,65.9,14.13,26.53,0.18,27.62,DECREASING,DECREASING,-0.2,-11.6,4.7042,311.2757,0.0506,1.9371,INDIA,0.04,39.4,LOW,51.59,0.0,2025-10-25 15:21:53,0,,0,0,0,0,0,NONE
2020-Q3,20203,2020,1006,Rice,7555,100196,335464,209342,2166760,2.25,29.87,67.88,3.61,4.62,0.5505,HIGH,0.4495,,,,,,2.25,29.87,STABLE,STABLE,,,226.8073,290.6153,0.3241,44.849,INDIA,2.25,37.64,LOW,78.95,0.08,2025-10-25 15:21:53,29,A33;A53;A14;A851;A51;B31;A64;A82;A9;A31,1,1,1,28,1,HIGH
2020-Q4,20204,2020,1006,Rice,7295,73803,278252,180207,1934335,2.62,26.52,70.86,4.05,3.82,0.5731,HIGH,0.4269,-3.44,-26.34,-17.05,-13.92,-10.73,2.44,28.2,INCREASING,DECREASING,0.37,-3.35,306.7186,289.0872,0.3116,61.2096,INDIA,2.62,38.5,LOW,80.44,0.1,2025-10-25 15:21:53,29,A33;A53;A14;A851;A51;B31;A64;A82;A9;A31,1,1,1,28,1,HIGH
2021-Q1,20211,2021,1006,Rice,7521,45526,255954,281942,2804228,2.94,17.79,79.27,2.67,1.62,0.6609,HIGH,0.3391,3.1,-38.31,-8.01,56.45,44.97,2.6,24.73,INCREASING,DECREASING,0.32,-8.73,219.7246,133.7239,0.5581,63.25,INDIA,2.94,41.3,MEDIUM,84.06,0.17,2025-10-25 15:21:53,29,A33;A53;A14;A851;A51;B31;A64;A82;A9;A31,1,1,1,28,1,HIGH
2021-Q2,20212,2021,1006,Rice,804,58657,256792,274224,2410620,0.31,22.84,76.85,0.29,2.43,0.6428,HIGH,0.3572,-89.31,28.84,0.33,-2.74,-14.04,2.03,24.26,DECREASING,DECREASING,-2.63,5.05,24.071,199.7719,0.5988,48.6167,INDIA,0.31,39.44,LOW,80.99,0.01,2025-10-25 15:21:53,29,A33;A53;A14;A851;A51;B31;A64;A82;A9;A31,1,1,1,28,1,HIGH
2021-Q3,20213,2021,1006,Rice,15300,59881,242538,203384,2216306,6.31,24.69,69.0,7.52,2.7,0.541,HIGH,0.459,1802.99,2.09,-5.55,-25.83,-8.06,3.04,22.96,INCREASING,INCREASING,6.0,1.85,653.9125,234.8574,0.4446,42.1559,INDIA,6.31,39.39,LOW,82.65,0.26,2025-10-25 15:21:53,29,A33;A53;A14;A851;A51;B31;A64;A82;A9;A31,1,1,1,28,1,HIGH
2021-Q4,20214,2021,1006,Rice,901,62000,262466,276108,2262638,0.34,23.62,76.04,0.33,2.74,0.634,HIGH,0.366,-94.11,3.54,8.22,35.76,2.09,2.47,22.24,DECREASING,INCREASING,-5.97,-1.07,26.2118,220.1042,0.5389,41.4094,INDIA,0.34,39.19,LOW,80.69,0.01,2025-10-25 15:21:53,29,A33;A53;A14;A851;A51;B31;A64;A82;A9;A31,1,1,1,28,1,HIGH
2022-Q1,20221,2022,1006,Rice,15679,70603,359620,210525,2772168,4.36,19.63,76.01,7.45,2.55,0.6182,HIGH,0.3818,1640.18,13.88,37.02,-23.75,22.52,2.83,22.7,INCREASING,DECREASING,4.02,-3.99,436.612,149.3085,0.3424,28.3692,INDIA,4.36,40.73,MEDIUM,83.89,0.22,2025-10-25 15:21:53,29,A33;A53;A14;A851;A51;B31;A64;A82;A9;A31,1,1,1,28,1,HIGH
2022-Q2,20222,2022,1006,Rice,1312,90447,389918,244709,2722577,0.34,23.2,76.46,0.54,3.32,0.6384,HIGH,0.3616,-91.63,28.11,8.43,16.24,-1.79,2.84,22.78,DECREASING,INCREASING,-4.02,3.57,28.9891,179.6245,0.4046,23.7055,INDIA,0.34,39.32,LOW,80.86,0.01,2025-10-25 15:21:53,29,A33;A53;A14;A851;A51;B31;A64;A82;A9;A31,1,1,1,28,1,HIGH
2022-Q3,20223,2022,1006,Rice,15873,113616,381527,292248,2754089,4.16,29.78,66.06,5.43,4.13,0.5268,HIGH,0.4732,1109.83,25.62,-2.15,19.43,1.16,2.3,24.06,INCREASING,INCREASING,3.82,6.58,300.1283,227.9613,0.4515,27.0713,INDIA,4.16,37.88,LOW,79.75,0.14,2025-10-25 15:21:53,29,A33;A53;A14;A851;A51;B31;A64;A82;A9;A31,1,1,1,28,1,HIGH
2022-Q4,20224,2022,1006,Rice,761,83266,274676,286222,2521800,0.28,30.31,69.41,0.27,3.3,0.5737,HIGH,0.4263,-95.21,-26.71,-28.01,-2.06,-8.43,2.28,25.73,DECREASING,INCREASING,-3.88,0.53,20.4073,253.4318,0.5698,32.8803,INDIA,0.28,37.35,LOW,77.99,0.01,2025-10-25 15:21:53,29,A33;A53;A14;A851;A51;B31;A64;A82;A9;A31,1,1,1,28,1,HIGH
2023-Q1,20231,2023,1006,Rice,15718,84288,326551,169080,3145316,4.81,25.81,69.38,9.3,2.68,0.5503,HIGH,0.4497,1965.44,1.23,18.89,-40.93,24.73,2.4,27.28,INCREASING,DECREASING,4.53,-4.5,600.1763,173.0116,0.3001,27.7154,INDIA,4.81,38.91,LOW,81.6,0.19,2025-10-25 15:21:53,29,A33;A53;A14;A851;A51;B31;A64;A82;A9;A31,1,1,1,28,1,HIGH
2023-Q2,20232,2023,1006,Rice,740,83780,347336,176296,2822230,0.21,24.12,75.67,0.42,2.97,0.6308,HIGH,0.3692,-95.29,-0.6,6.37,4.27,-10.27,2.37,27.51,DECREASING,DECREASING,-4.6,-1.69,25.4779,180.1868,0.3078,27.9869,INDIA,0.21,39.03,LOW,80.44,0.01,2025-10-25 15:21:53,29,A33;A53;A14;A851;A51;B31;A64;A82;A9;A31,1,1,1,28,1,HIGH
2023-Q3,20233,2023,1006,Rice,14225,92427,338343,308909,2474775,4.2,27.32,68.48,4.6,3.73,0.5454,HIGH,0.4546,1822.3,10.32,-2.59,75.22,-12.31,2.38,26.89,INCREASING,INCREASING,3.99,3.2,286.9388,232.7184,0.5183,24.1749,INDIA,4.2,38.46,LOW,80.75,0.15,2025-10-25 15:21:53,29,A33;A53;A14;A851;A51;B31;A64;A82;A9;A31,1,1,1,28,1,HIGH
2023-Q4,20234,2023,1006,Rice,14357,118024,410288,329464,2022289,3.5,28.77,67.73,4.36,5.84,0.5427,HIGH,0.4573,0.93,27.69,21.26,6.65,-18.28,3.18,26.5,INCREASING,INCREASING,-0.7,1.45,223.9194,299.8908,0.4434,18.3758,INDIA,3.5,38.03,LOW,79.89,0.12,2025-10-25 15:21:53,29,A33;A53;A14;A851;A51;B31;A64;A82;A9;A31,1,1,1,28,1,HIGH
2024-Q1,20241,2024,1006,Rice,27910,87160,368132,199962,3098049,7.58,23.68,68.74,13.96,2.81,0.5343,HIGH,0.4657,94.4,-26.15,-10.27,-39.31,53.2,3.87,25.97,INCREASING,DECREASING,4.08,-5.09,799.3438,161.1203,0.3092,23.1723,INDIA,7.58,39.82,LOW,83.56,0.32,2025-10-25 15:21:53,29,A33;A53;A14;A851;A51;B31;A64;A82;A9;A31,1,1,1,28,1,HIGH
2024-Q2,20242,2024,1006,Rice,422,105624,391879,192523,2808421,0.11,26.95,72.94,0.22,3.76,0.6047,HIGH,0.3953,-98.49,21.18,6.45,-3.72,-9.35,3.85,26.68,DECREASING,INCREASING,-7.47,3.27,11.7924,202.336,0.3032,24.1937,INDIA,0.11,38.2,LOW,79.26,0.0,2025-10-25 15:21:53,29,A33;A53;A14;A851;A51;B31;A64;A82;A9;A31,1,1,1,28,1,HIGH
2024-Q3,20243,2024,1006,Rice,14515,114203,393795,161622,2311996,3.69,29.0,67.31,8.98,4.94,0.5385,HIGH,0.4615,3339.57,8.12,0.49,-16.05,-17.68,3.72,27.1,DECREASING,INCREASING,3.58,2.05,480.8074,264.4509,0.2636,28.8561,INDIA,3.69,38.0,LOW,79.88,0.13,2025-10-25 15:21:53,29,A33;A53;A14;A851;A51;B31;A64;A82;A9;A31,1,1,1,28,1,HIGH
2024-Q4,20244,2024,1006,Rice,14027,115514,462543,222733,3605890,3.03,24.97,72.0,6.3,3.2,0.5817,HIGH,0.4183,-3.36,1.15,17.46,37.81,55.96,3.6,26.15,DECREASING,DECREASING,-0.66,-4.03,287.0469,146.0141,0.2839,35.0631,INDIA,3.03,38.97,LOW,81.22,0.12,2025-10-25 15:21:53,29,A33;A53;A14;A851;A51;B31;A64;A82;A9;A31,1,1,1,28,1,HIGH
2025-Q1,20251,2025,1006,Rice,13194,110876,472589,187033,3745942,2.79,23.46,73.75,7.05,2.96,0.5997,HIGH,0.4003,-5.94,-4.02,2.17,-16.03,3.88,2.4,26.1,INCREASING,DECREASING,-0.24,-1.51,314.702,132.0437,0.2859,31.8292,INDIA,2.79,39.39,LOW,81.73,0.12,2025-10-25 15:21:53,29,A33;A53;A14;A851;A51;B31;A64;A82;A9;A31,1,1,1,28,1,HIGH
2025-Q2,20252,2025,1006,Rice,334,99965,404639,212807,2905751,0.08,24.7,75.22,0.16,3.44,0.6268,HIGH,0.3732,-97.47,-9.84,-14.38,13.78,-22.43,2.4,25.53,DECREASING,DECREASING,-2.71,1.24,8.1774,179.2448,0.3845,29.5285,INDIA,0.08,38.84,LOW,80.15,0.0,2025-10-25 15:21:53,29,A33;A53;A14;A851;A51;B31;A64;A82;A9;A31,1,1,1,28,1,HIGH
2020-Q3,20203,2020,1302,"Vegetable saps and extracts; pectic substances, pectinates and pectates; agar-agar and other ...",76804,101219,353004,369998,146721,21.76,28.67,49.57,20.76,68.99,0.3753,HIGH,0.6247,,,,,,21.76,28.67,STABLE,STABLE,,,1239.7372,4120.1682,0.5443,2.886,INDIA,21.76,42.14,MEDIUM,66.1,0.76,2025-10-25 15:21:53,48,F69;P15;A31;E1;B7;B33;B31;B32;B85;B89,1,1,1,35,13,HIGH
2020-Q4,20204,2020,1302,"Vegetable saps and extracts; pectic substances, pectinates and pectates; agar-agar and other ...",67541,106388,361552,396425,145885,18.68,29.43,51.89,17.04,72.93,0.3908,HIGH,0.6092,-12.06,5.11,2.42,7.14,-0.57,20.22,29.05,DECREASING,INCREASING,-3.08,0.76,993.4831,4252.4189,0.5275,3.5528,INDIA,18.68,41.06,MEDIUM,71.23,0.63,2025-10-25 15:21:53,48,F69;P15;A31;E1;B7;B33;B31;B32;B85;B89,1,1,1,35,13,HIGH
2021-Q1,20211,2021,1302,"Vegetable saps and extracts; pectic substances, pectinates and pectates; agar-agar and other ...",77305,111112,395682,450639,172327,19.54,28.08,52.38,17.15,64.48,0.3914,HIGH,0.6086,14.46,4.44,9.44,13.68,18.13,19.99,28.73,DECREASING,DECREASING,0.86,-1.35,914.0234,3435.4699,0.5771,2.5143,INDIA,19.54,41.51,MEDIUM,61.73,0.7,2025-10-25 15:21:53,48,F69;P15;A31;E1;B7;B33;B31;B32;B85;B89,1,1,1,35,13,HIGH
2021-Q2,20212,2021,1302,"Vegetable saps and extracts; pectic substances, pectinates and pectates; agar-agar and other ...",93153,122932,472253,469753,185246,19.73,26.03,54.24,19.83,66.36,0.4009,HIGH,0.5991,20.5,10.64,19.35,4.24,7.5,19.93,28.05,DECREASING,DECREASING,0.19,-2.05,885.2733,2962.5534,0.5578,2.0315,INDIA,19.73,41.89,MEDIUM,57.8,0.76,2025-10-25 15:21:53,48,F69;P15;A31;E1;B7;B33;B31;B32;B85;B89,1,1,1,35,13,HIGH
2021-Q3,20213,2021,1302,"Vegetable saps and extracts; pectic substances, pectinates and pectates; agar-agar and other ...",73327,106944,411522,483285,178134,17.82,25.99,56.19,15.17,60.04,0.415,HIGH,0.585,-21.28,-13.01,-12.86,2.88,-3.84,18.94,27.38,DECREASING,DECREASING,-1.91,-0.04,777.3066,3075.6814,0.6227,1.9969,INDIA,17.82,41.36,MEDIUM,56.7,0.69,2025-10-25 15:21:53,48,F69;P15;A31;E1;B7;B33;B31;B32;B85;B89,1,1,1,35,13,HIGH
2021-Q4,20214,2021,1302,"Vegetable saps and extracts; pectic substances, pectinates and pectates; agar-agar and other ...",81510,128081,454199,700363,231394,17.95,28.2,53.85,11.64,55.35,0.4017,HIGH,0.5983,11.16,19.76,10.37,44.92,29.9,18.76,27.07,DECREASING,INCREASING,0.13,2.21,540.2146,2569.2789,0.7899,2.4472,INDIA,17.95,41.03,MEDIUM,60.37,0.64,2025-10-25 15:21:53,48,F69;P15;A31;E1;B7;B33;B31;B32;B85;B89,1,1,1,35,13,HIGH
2022-Q1,20221,2022,1302,"Vegetable saps and extracts; pectic substances, pectinates and pectates; agar-agar and other ...",115989,136847,503054,636008,242874,23.06,27.2,49.74,18.24,56.34,0.3746,HIGH,0.6254,42.3,6.84,10.76,-9.19,4.96,19.64,26.86,INCREASING,INCREASING,5.11,-1.0,764.301,2361.3722,0.7394,1.7768,INDIA,23.06,42.77,MEDIUM,56.11,0.85,2025-10-25 15:21:53,48,F69;P15;A31;E1;B7;B33;B31;B32;B85;B89,1,1,1,35,13,HIGH
2022-Q2,20222,2022,1302,"Vegetable saps and extracts; pectic substances, pectinates and pectates; agar-agar and other ...",93159,142904,572578,664837,262653,16.27,24.96,58.77,14.01,54.41,0.4342,HIGH,0.5658,-19.68,4.43,13.82,4.53,8.14,18.77,26.59,DECREASING,DECREASING,-6.79,-2.24,515.9407,2003.3285,0.7485,1.5574,INDIA,16.27,41.16,MEDIUM,52.1,0.65,2025-10-25 15:21:53,48,F69;P15;A31;E1;B7;B33;B31;B32;B85;B89,1,1,1,35,13,HIGH
2022-Q3,20223,2022,1302,"Vegetable saps and extracts; pectic substances, pectinates and pectates; agar-agar and other ...",74548,143476,482242,748290,232103,15.46,29.75,54.79,9.96,61.82,0.4126,HIGH,0.5874,-19.98,0.4,-15.78,12.55,-11.63,18.18,27.53,DECREASING,INCREASING,-0.81,4.79,435.5378,2702.4538,0.9147,1.805,INDIA,15.46,40.11,MEDIUM,52.33,0.52,2025-10-25 15:21:53,48,F69;P15;A31;E1;B7;B33;B31;B32;B85;B89,1,1,1,35,13,HIGH
2022-Q4,20224,2022,1302,"Vegetable saps and extracts; pectic substances, pectinates and pectates; agar-agar and other ...",60115,114191,393248,703648,218341,15.29,29.04,55.67,8.54,52.3,0.4176,HIGH,0.5824,-19.36,-20.41,-18.45,-5.97,-5.93,17.52,27.74,DECREASING,INCREASING,-0.17,-0.71,458.0213,2803.8506,0.9784,1.9885,INDIA,15.29,40.17,MEDIUM,54.39,0.53,2025-10-25 15:21:53,48,F69;P15;A31;E1;B7;B33;B31;B32;B85;B89,1,1,1,35,13,HIGH
2023-Q1,20231,2023,1302,"Vegetable saps and extracts; pectic substances, pectinates and pectates; agar-agar and other ...",69700,138457,420696,619308,236170,16.57,32.91,50.52,11.25,58.63,0.391,HIGH,0.609,15.94,21.25,6.98,-11.99,8.17,15.9,29.16,INCREASING,INCREASING,1.28,3.87,564.0044,2937.9649,0.8532,1.6153,INDIA,16.57,40.02,MEDIUM,49.62,0.5,2025-10-25 15:21:53,48,F69;P15;A31;E1;B7;B33;B31;B32;B85;B89,1,1,1,35,13,HIGH
2023-Q2,20232,2023,1302,"Vegetable saps and extracts; pectic substances, pectinates and pectates; agar-agar and other ...",81856,95786,377457,605254,181265,21.69,25.38,52.93,13.52,52.84,0.3916,HIGH,0.6084,17.44,-30.82,-10.28,-2.27,-23.25,17.25,29.27,INCREASING,DECREASING,5.12,-7.53,755.3882,2951.5178,0.9722,1.6541,INDIA,21.69,42.59,MEDIUM,55.07,0.85,2025-10-25 15:21:53,48,F69;P15;A31;E1;B7;B33;B31;B32;B85;B89,1,1,1,35,13,HIGH
2023-Q3,20233,2023,1302,"Vegetable saps and extracts; pectic substances, pectinates and pectates; agar-agar and other ...",63804,91004,350709,554133,205873,18.19,25.95,55.86,11.51,44.2,0.4125,HIGH,0.5875,-22.05,-4.99,-7.09,-8.45,13.58,17.93,28.32,INCREASING,DECREASING,-3.5,0.57,692.1684,2657.2902,0.897,1.9402,INDIA,18.19,41.47,MEDIUM,56.3,0.7,2025-10-25 15:21:53,48,F69;P15;A31;E1;B7;B33;B31;B32;B85;B89,1,1,1,35,13,HIGH
2023-Q4,20234,2023,1302,"Vegetable saps and extracts; pectic substances, pectinates and pectates; agar-agar and other ...",67721,110914,362652,530508,236065,18.67,30.58,50.75,12.77,46.98,0.3859,HIGH,0.6141,6.14,21.88,3.41,-4.26,14.67,18.78,28.7,DECREASING,INCREASING,0.48,4.63,742.1064,2731.4263,0.8078,2.4268,INDIA,18.67,40.91,MEDIUM,59.5,0.61,2025-10-25 15:21:53,48,F69;P15;A31;E1;B7;B33;B31;B32;B85;B89,1,1,1,35,13,HIGH
2024-Q1,20241,2024,1302,"Vegetable saps and extracts; pectic substances, pectinates and pectates; agar-agar and other ...",84225,130799,418735,501848,262117,20.11,31.24,48.65,16.78,49.9,0.3747,HIGH,0.6253,24.37,17.93,15.46,-5.4,11.04,19.66,28.29,INCREASING,INCREASING,1.44,0.66,844.9954,2512.4347,0.6822,1.7236,INDIA,20.11,41.3,MEDIUM,52.78,0.64,2025-10-25 15:21:53,48,F69;P15;A31;E1;B7;B33;B31;B32;B85;B89,1,1,1,35,13,HIGH
2024-Q2,20242,2024,1302,"Vegetable saps and extracts; pectic substances, pectinates and pectates; agar-agar and other ...",79000,129251,415697,559875,238837,19.0,31.09,49.91,14.11,54.12,0.3819,HIGH,0.6181,-6.2,-1.18,-0.73,11.56,-8.88,18.99,29.72,INCREASING,INCREASING,-1.11,-0.15,715.6224,2744.6073,0.8312,1.9396,INDIA,19.0,40.96,MEDIUM,54.56,0.61,2025-10-25 15:21:53,48,F69;P15;A31;E1;B7;B33;B31;B32;B85;B89,1,1,1,35,13,HIGH
2024-Q3,20243,2024,1302,"Vegetable saps and extracts; pectic substances, pectinates and pectates; agar-agar and other ...",95725,112861,409596,504280,238264,23.37,27.55,49.08,18.98,47.37,0.3714,HIGH,0.6286,21.17,-12.68,-1.47,-9.93,-0.24,20.29,30.12,INCREASING,DECREASING,4.37,-3.54,977.0634,2438.1171,0.7907,2.8591,INDIA,23.37,42.83,MEDIUM,66.92,0.85,2025-10-25 15:21:53,48,F69;P15;A31;E1;B7;B33;B31;B32;B85;B89,1,1,1,35,13,HIGH
2024-Q4,20244,2024,1302,"Vegetable saps and extracts; pectic substances, pectinates and pectates; agar-agar and other ...",100912,124701,434746,618205,258535,23.21,28.68,48.11,16.32,48.23,0.3676,HIGH,0.6324,5.42,10.49,6.14,22.59,8.51,21.42,29.64,INCREASING,DECREASING,-0.16,1.13,791.5886,2339.0516,0.8383,2.6747,INDIA,23.21,42.63,MEDIUM,64.56,0.81,2025-10-25 15:21:53,48,F69;P15;A31;E1;B7;B33;B31;B32;B85;B89,1,1,1,35,13,HIGH
2025-Q1,20251,2025,1302,"Vegetable saps and extracts; pectic substances, pectinates and pectates; agar-agar and other ...",121495,152484,494222,553037,293546,24.58,30.85,44.57,21.97,51.95,0.3542,HIGH,0.6458,20.4,22.28,13.68,-10.54,13.54,22.54,29.54,INCREASING,INCREASING,1.37,2.17,937.1453,2215.9035,0.8083,2.3851,INDIA,24.58,42.92,MEDIUM,61.34,0.8,2025-10-25 15:21:53,48,F69;P15;A31;E1;B7;B33;B31;B32;B85;B89,1,1,1,35,13,HIGH
2025-Q2,20252,2025,1302,"Vegetable saps and extracts; pectic substances, pectinates and pectates; agar-agar and other ...",63409,137818,417540,563027,271932,15.19,33.01,51.8,11.26,50.68,0.4004,HIGH,0.5996,-47.81,-9.62,-15.52,1.81,-7.36,21.59,30.02,DECREASING,INCREASING,-9.39,2.16,568.6544,2559.0121,0.9858,2.678,INDIA,15.19,39.61,LOW,59.65,0.46,2025-10-25 15:21:53,48,F69;P15;A31;E1;B7;B33;B31;B32;B85;B89,1,1,1,35,13,HIGH
2020-Q3,20203,2020,2504,Natural graphite,2978,0,9078,76870,133,32.8,0.0,67.2,3.87,0.0,0.5592,HIGH,0.4408,,,,,,32.8,0.0,STABLE,STABLE,,,8997.0977,0.0,4.3973,0.1017,CHINA,32.8,53.18,MEDIUM,54.14,2978.0,2025-10-25 15:21:53,0,,0,0,0,0,0,NONE
2020-Q4,20204,2020,2504,Natural graphite,5548,0,11837,94817,161,46.87,0.0,53.13,5.85,0.0,0.502,HIGH,0.498,86.3,,30.39,23.35,21.05,39.83,0.0,INCREASING,STABLE,14.07,0.0,10421.576,0.0,3.8539,0.1198,CHINA,46.87,58.5,MEDIUM,59.95,5548.0,2025-10-25 15:21:53,0,,0,0,0,0,0,NONE
2021-Q1,20211,2021,2504,Natural graphite,4631,0,13338,70514,200,34.72,0.0,65.28,6.57,0.0,0.5467,HIGH,0.4533,-16.53,,12.68,-25.63,24.22,38.13,0.0,DECREASING,STABLE,-12.15,0.0,10380.8645,0.0,2.6787,0.0866,CHINA,34.72,53.76,MEDIUM,54.75,4631.0,2025-10-25 15:21:53,0,,0,0,0,0,0,NONE
2021-Q2,20212,2021,2504,Natural graphite,5488,0,16203,79852,101,33.87,0.0,66.13,6.87,0.0,0.552,HIGH,0.448,18.51,,21.48,13.24,-49.5,37.06,0.0,DECREASING,STABLE,-0.85,0.0,8942.4738,0.0,2.7634,0.0323,CHINA,33.87,53.5,MEDIUM,53.87,5488.0,2025-10-25 15:21:53,0,,0,0,0,0,0,NONE
2021-Q3,20213,2021,2504,Natural graphite,12638,16,23840,82436,194,53.01,0.07,46.92,15.33,8.25,0.5012,HIGH,0.4988,130.28,inf,47.13,3.24,92.08,42.12,0.02,INCREASING,INCREASING,19.14,0.07,13557.5119,7293.5138,1.8334,0.0375,CHINA,53.01,61.54,MEDIUM,61.55,743.41,2025-10-25 15:21:53,0,,0,0,0,0,0,NONE
2021-Q4,20214,2021,2504,Natural graphite,12344,0,21414,94337,153,57.64,0.0,42.36,13.09,0.0,0.5117,HIGH,0.4883,-2.33,-100.0,-10.18,14.44,-21.13,44.81,0.02,INCREASING,DECREASING,4.63,-0.07,12882.521,0.0,2.2566,0.0343,CHINA,57.64,64.17,MEDIUM,63.4,12344.0,2025-10-25 15:21:53,0,,0,0,0,0,0,NONE
2022-Q1,20221,2022,2504,Natural graphite,26059,0,35680,77680,182,73.04,0.0,26.96,33.55,0.0,0.6062,HIGH,0.3938,111.11,,66.62,-17.66,18.95,54.39,0.02,INCREASING,DECREASING,15.4,0.0,19822.0464,0.0,1.2733,0.0188,CHINA,73.04,74.71,HIGH,69.4,26059.0,2025-10-25 15:21:53,0,,0,0,0,0,0,NONE
2022-Q2,20222,2022,2504,Natural graphite,30292,0,41607,101169,356,72.81,0.0,27.19,29.94,0.0,0.6041,HIGH,0.3959,16.24,,16.61,30.24,95.6,64.12,0.02,INCREASING,DECREASING,-0.23,0.0,15171.8623,0.0,1.5675,0.029,CHINA,72.81,74.53,HIGH,69.41,30292.0,2025-10-25 15:21:53,0,,0,0,0,0,0,NONE
2022-Q3,20223,2022,2504,Natural graphite,54958,0,69508,107493,492,79.07,0.0,20.93,51.13,0.0,0.669,HIGH,0.331,81.43,,67.06,6.25,38.2,70.64,0.0,INCREASING,STABLE,6.26,0.0,15507.4628,0.0,0.9116,0.0265,CHINA,79.07,79.6,HIGH,71.89,54958.0,2025-10-25 15:21:53,0,,0,0,0,0,0,NONE
2022-Q4,20224,2022,2504,Natural graphite,33458,0,48249,98809,323,69.34,0.0,30.66,33.86,0.0,0.5748,HIGH,0.4252,-39.12,,-30.58,-8.08,-34.35,73.56,0.0,DECREASING,STABLE,-9.73,0.0,14795.8514,0.0,1.1198,0.024,CHINA,69.34,71.91,HIGH,67.98,33458.0,2025-10-25 15:21:53,0,,0,0,0,0,0,NONE
2023-Q1,20231,2023,2504,Natural graphite,36776,0,49183,80688,324,74.77,0.0,25.23,45.58,0.0,0.6227,HIGH,0.3773,9.92,,1.94,-18.34,0.31,74.0,0.0,INCREASING,STABLE,5.43,0.0,19537.3352,0.0,0.9508,0.019,CHINA,74.77,76.07,HIGH,70.1,36776.0,2025-10-25 15:21:53,0,,0,0,0,0,0,NONE
2023-Q2,20232,2023,2504,Natural graphite,34421,0,46609,68332,339,73.85,0.0,26.15,50.37,0.0,0.6138,HIGH,0.3862,-6.4,,-5.23,-15.31,4.63,74.26,0.0,DECREASING,STABLE,-0.92,0.0,22785.28,0.0,0.8889,0.0251,CHINA,73.85,75.34,HIGH,69.79,34421.0,2025-10-25 15:21:53,0,,0,0,0,0,0,NONE
2023-Q3,20233,2023,2504,Natural graphite,25405,113,38231,61727,223,66.45,0.3,33.25,41.16,50.67,0.5521,HIGH,0.4479,-26.19,inf,-17.98,-9.67,-34.22,71.1,0.08,DECREASING,INCREASING,-7.4,0.3,22696.2013,27943.6239,0.9166,0.0193,CHINA,66.45,69.79,MEDIUM,66.65,222.85,2025-10-25 15:21:53,0,,0,0,0,0,0,NONE
2023-Q4,20234,2023,2504,Natural graphite,16668,11,28879,74724,111,57.72,0.04,42.24,22.31,9.91,0.5116,HIGH,0.4884,-34.39,-90.27,-24.46,21.06,-50.22,68.2,0.08,DECREASING,DECREASING,-8.73,-0.26,16284.1852,7234.564,1.4288,0.0143,CHINA,57.72,64.21,MEDIUM,63.22,1389.0,2025-10-25 15:21:53,0,,0,0,0,0,0,NONE
2024-Q1,20241,2024,2504,Natural graphite,16753,62,29892,37974,92,56.05,0.21,43.74,44.12,67.39,0.5055,HIGH,0.4945,0.51,463.64,3.51,-49.18,-17.12,63.52,0.14,DECREASING,INCREASING,-1.67,0.17,31115.4491,47530.6434,0.7231,0.0085,CHINA,56.05,63.19,MEDIUM,62.42,265.92,2025-10-25 15:21:53,0,,0,0,0,0,0,NONE
2024-Q2,20242,2024,2504,Natural graphite,29207,0,42733,59543,428,68.35,0.0,31.65,49.05,0.0,0.5673,HIGH,0.4327,74.34,-100.0,42.96,56.8,365.22,62.14,0.14,INCREASING,DECREASING,12.3,-0.21,24200.1278,0.0,0.8599,0.0338,CHINA,68.35,71.19,HIGH,67.68,29207.0,2025-10-25 15:21:53,0,,0,0,0,0,0,NONE
2024-Q3,20243,2024,2504,Natural graphite,25609,0,35817,51162,219,71.5,0.0,28.5,50.05,0.0,0.5924,HIGH,0.4076,-12.32,,-16.18,-14.08,-48.83,63.4,0.06,INCREASING,DECREASING,3.15,0.0,29463.2536,0.0,0.9174,0.0301,CHINA,71.5,73.52,HIGH,68.9,25609.0,2025-10-25 15:21:53,0,,0,0,0,0,0,NONE
2024-Q4,20244,2024,2504,Natural graphite,28741,10,40395,56185,756,71.15,0.02,28.83,51.15,1.32,0.5893,HIGH,0.4107,12.23,inf,12.78,9.82,245.21,66.76,0.06,INCREASING,DECREASING,-0.35,0.02,26697.9971,690.3596,0.82,0.0842,CHINA,71.15,73.25,HIGH,69.29,2612.82,2025-10-25 15:21:53,0,,0,0,0,0,0,NONE
2025-Q1,20251,2025,2504,Natural graphite,29140,0,39962,62557,497,72.92,0.0,27.08,46.58,0.0,0.6051,HIGH,0.3949,1.39,-100.0,-1.07,11.34,-34.26,70.98,0.0,INCREASING,STABLE,1.77,-0.02,24574.8697,0.0,1.1307,0.0499,CHINA,72.92,74.61,HIGH,69.67,29140.0,2025-10-25 15:21:53,0,,0,0,0,0,0,NONE
2025-Q2,20252,2025,2504,Natural graphite,13474,63,34805,49173,310,38.71,0.18,61.11,27.4,20.32,0.5233,HIGH,0.4767,-53.76,inf,-12.9,-21.39,-37.63,63.57,0.05,DECREASING,INCREASING,-34.21,0.18,16597.8947,12310.1125,1.0328,0.0366,CHINA,38.71,55.05,MEDIUM,55.78,210.53,2025-10-25 15:21:53,0,,0,0,0,0,0,NONE
2020-Q3,20203,2020,2710,Petroleum oils and oils obtained from bituminous minerals (excl. crude); preparations containing ...,351,552933,9143843,3997785,7109428,0.0,6.05,93.95,0.01,7.78,0.8863,HIGH,0.1137,,,,,,0.0,6.05,STABLE,STABLE,,,0.0202,17.9322,0.227,5.3988,INDIA,0.0,26.67,LOW,87.58,0.0,2025-10-25 15:21:53,83,B85;B7;B82;B83;B31;A22;B22;P33;P163;A31,1,1,1,70,13,HIGH
2020-Q4,20204,2020,2710,Petroleum oils and oils obtained from bituminous minerals (excl. crude); preparations containing ...,25974,315812,9110516,5933659,5334507,0.29,3.47,96.24,0.44,5.92,0.9274,HIGH,0.0726,7300.0,-42.88,-0.36,48.42,-24.97,0.14,4.76,INCREASING,DECREASING,0.29,-2.58,1.013,13.6999,0.3134,5.1556,INDIA,0.29,32.02,LOW,88.73,0.08,2025-10-25 15:21:53,83,B85;B7;B82;B83;B31;A22;B22;P33;P163;A31,1,1,1,70,13,HIGH
2021-Q1,20211,2021,2710,Petroleum oils and oils obtained from bituminous minerals (excl. crude); preparations containing ...,391,538402,12277252,7982718,8066122,0.0,4.39,95.61,0.0,6.67,0.9161,HIGH,0.0839,-98.49,70.48,34.76,34.53,51.21,0.1,4.64,DECREASING,DECREASING,-0.29,0.92,0.0084,11.4621,0.3295,3.7929,INDIA,0.0,27.52,LOW,76.17,0.0,2025-10-25 15:21:53,83,B85;B7;B82;B83;B31;A22;B22;P33;P163;A31,1,1,1,70,13,HIGH
2021-Q2,20212,2021,2710,Petroleum oils and oils obtained from bituminous minerals (excl. crude); preparations containing ...,717,923187,17687410,9893302,12722500,0.0,5.22,94.78,0.01,7.26,0.901,HIGH,0.099,83.38,71.47,44.07,23.93,57.73,0.07,4.78,DECREASING,INCREASING,0.0,0.83,0.0086,8.6492,0.3136,3.7252,INDIA,0.0,27.06,LOW,75.16,0.0,2025-10-25 15:21:53,83,B85;B7;B82;B83;B31;A22;B22;P33;P163;A31,1,1,1,70,13,HIGH
2021-Q3,20213,2021,2710,Petroleum oils and oils obtained from bituminous minerals (excl. crude); preparations containing ...,770,955543,17625941,7183874,15535495,0.0,5.42,94.58,0.01,6.15,0.8975,HIGH,0.1025,7.39,3.5,-0.35,-27.39,22.11,0.07,4.62,DECREASING,INCREASING,0.0,0.2,0.0128,7.3569,0.2161,4.0661,INDIA,0.0,26.98,LOW,78.49,0.0,2025-10-25 15:21:53,83,B85;B7;B82;B83;B31;A22;B22;P33;P163;A31,1,1,1,70,13,HIGH
2021-Q4,20214,2021,2710,Petroleum oils and oils obtained from bituminous minerals (excl. crude); preparations containing ...,1311,793993,16507246,7418023,17386877,0.01,4.81,95.18,0.02,4.57,0.9082,HIGH,0.0918,70.26,-16.91,-6.35,3.26,11.92,0.0,4.96,INCREASING,DECREASING,0.01,-0.61,0.0226,5.8324,0.2302,5.0595,INDIA,0.01,27.34,LOW,88.08,0.0,2025-10-25 15:21:53,83,B85;B7;B82;B83;B31;A22;B22;P33;P163;A31,1,1,1,70,13,HIGH
2022-Q1,20221,2022,2710,Petroleum oils and oils obtained from bituminous minerals (excl. crude); preparations containing ...,1574,597792,17501604,8458941,21022926,0.01,3.42,96.57,0.02,2.84,0.9337,HIGH,0.0663,20.06,-24.71,6.02,14.03,20.91,0.0,4.72,INCREASING,DECREASING,0.0,-1.39,0.0224,3.4253,0.2827,4.4207,INDIA,0.01,28.11,LOW,82.84,0.0,2025-10-25 15:21:53,83,B85;B7;B82;B83;B31;A22;B22;P33;P163;A31,1,1,1,70,13,HIGH
2022-Q2,20222,2022,2710,Petroleum oils and oils obtained from bituminous minerals (excl. crude); preparations containing ...,479,1644814,25718903,9993426,26848345,0.0,6.4,93.6,0.0,6.13,0.8802,HIGH,0.1198,-69.57,175.15,46.95,18.14,27.71,0.0,5.01,STABLE,INCREASING,-0.01,2.98,0.0039,5.0219,0.2505,3.5441,INDIA,0.0,26.42,LOW,72.88,0.0,2025-10-25 15:21:53,83,B85;B7;B82;B83;B31;A22;B22;P33;P163;A31,1,1,1,70,13,HIGH
2022-Q3,20223,2022,2710,Petroleum oils and oils obtained from bituminous minerals (excl. crude); preparations containing ...,405,961852,21065070,13960215,23902725,0.0,4.57,95.43,0.0,4.02,0.9128,HIGH,0.0872,-15.45,-41.52,-18.09,39.69,-10.97,0.0,4.8,STABLE,DECREASING,0.0,-1.83,0.0029,4.0274,0.3906,4.2554,INDIA,0.0,27.4,LOW,80.73,0.0,2025-10-25 15:21:53,83,B85;B7;B82;B83;B31;A22;B22;P33;P163;A31,1,1,1,70,13,HIGH
2022-Q4,20224,2022,2710,Petroleum oils and oils obtained from bituminous minerals (excl. crude); preparations containing ...,34711,688870,18020685,15888569,22513366,0.19,3.82,95.99,0.22,3.06,0.9229,HIGH,0.0771,8470.62,-28.38,-14.45,13.81,-5.81,0.05,4.55,INCREASING,DECREASING,0.19,-0.75,0.2556,3.5797,0.4821,4.4742,INDIA,0.19,28.8,LOW,83.29,0.05,2025-10-25 15:21:53,83,B85;B7;B82;B83;B31;A22;B22;P33;P163;A31,1,1,1,70,13,HIGH
2023-Q1,20231,2023,2710,Petroleum oils and oils obtained from bituminous minerals (excl. crude); preparations containing ...,37094,1681168,17512776,14216380,23629841,0.21,9.6,90.19,0.26,7.11,0.8226,HIGH,0.1774,6.87,144.05,-2.82,-10.52,4.96,0.1,6.1,INCREASING,INCREASING,0.02,5.78,0.3141,8.5649,0.4705,3.8825,INDIA,0.21,26.04,LOW,75.07,0.02,2025-10-25 15:21:53,83,B85;B7;B82;B83;B31;A22;B22;P33;P163;A31,1,1,1,70,13,HIGH
2023-Q2,20232,2023,2710,Petroleum oils and oils obtained from bituminous minerals (excl. crude); preparations containing ...,350,1335366,18294837,9309951,18834754,0.0,7.3,92.7,0.0,7.09,0.8647,HIGH,0.1353,-99.06,-20.57,4.47,-34.51,-20.29,0.1,6.32,DECREASING,INCREASING,-0.21,-2.3,0.0043,8.1703,0.3085,3.546,INDIA,0.0,25.96,LOW,72.54,0.0,2025-10-25 15:21:53,83,B85;B7;B82;B83;B31;A22;B22;P33;P163;A31,1,1,1,70,13,HIGH
2023-Q3,20233,2023,2710,Petroleum oils and oils obtained from bituminous minerals (excl. crude); preparations containing ...,97984,1032939,17866157,12818640,22528368,0.55,5.78,93.67,0.76,4.59,0.8808,HIGH,0.1192,27895.43,-22.65,-2.34,37.69,19.61,0.24,6.62,INCREASING,DECREASING,0.55,-1.52,0.902,5.4105,0.4073,4.1676,INDIA,0.55,30.31,LOW,79.58,0.09,2025-10-25 15:21:53,83,B85;B7;B82;B83;B31;A22;B22;P33;P163;A31,1,1,1,70,13,HIGH
2023-Q4,20234,2023,2710,Petroleum oils and oils obtained from bituminous minerals (excl. crude); preparations containing ...,469,1024671,15351209,11977763,19983888,0.0,6.67,93.33,0.0,5.13,0.8755,HIGH,0.1245,-99.52,-0.8,-14.08,-6.56,-11.29,0.19,7.34,DECREASING,DECREASING,-0.55,0.89,0.0054,7.0418,0.4309,4.8532,INDIA,0.0,26.29,LOW,85.86,0.0,2025-10-25 15:21:53,83,B85;B7;B82;B83;B31;A22;B22;P33;P163;A31,1,1,1,70,13,HIGH
2024-Q1,20241,2024,2710,Petroleum oils and oils obtained from bituminous minerals (excl. crude); preparations containing ...,45535,757682,14141304,11182718,22062828,0.32,5.36,94.32,0.41,3.43,0.8925,HIGH,0.1075,9608.96,-26.06,-7.88,-6.64,10.4,0.22,6.28,INCREASING,DECREASING,0.32,-1.31,0.6071,5.1199,0.4501,4.2959,INDIA,0.32,29.36,LOW,80.94,0.06,2025-10-25 15:21:53,83,B85;B7;B82;B83;B31;A22;B22;P33;P163;A31,1,1,1,70,13,HIGH
2024-Q2,20242,2024,2710,Petroleum oils and oils obtained from bituminous minerals (excl. crude); preparations containing ...,215798,1041062,17788728,11330899,20454871,1.21,5.85,92.94,1.9,5.09,0.8674,HIGH,0.1326,373.92,37.4,25.79,1.33,-7.29,0.52,5.92,INCREASING,DECREASING,0.89,0.49,2.2572,6.032,0.3931,3.8819,INDIA,1.21,35.66,LOW,76.96,0.21,2025-10-25 15:21:53,83,B85;B7;B82;B83;B31;A22;B22;P33;P163;A31,1,1,1,70,13,HIGH
2024-Q3,20243,2024,2710,Petroleum oils and oils obtained from bituminous minerals (excl. crude); preparations containing ...,79564,799922,15394549,10848363,15177769,0.52,5.2,94.28,0.73,5.27,0.8916,HIGH,0.1084,-63.13,-23.16,-13.46,-4.26,-25.8,0.51,5.77,INCREASING,DECREASING,-0.69,-0.65,1.0044,7.2177,0.4526,4.8458,INDIA,0.52,31.03,LOW,86.59,0.1,2025-10-25 15:21:53,83,B85;B7;B82;B83;B31;A22;B22;P33;P163;A31,1,1,1,70,13,HIGH
2024-Q4,20244,2024,2710,Petroleum oils and oils obtained from bituminous minerals (excl. crude); preparations containing ...,8931,611653,11394427,9004361,12603158,0.08,5.37,94.55,0.1,4.85,0.8969,HIGH,0.1031,-88.78,-23.54,-25.98,-17.0,-16.96,0.53,5.44,DECREASING,DECREASING,-0.44,0.17,0.1835,8.9796,0.4659,4.9748,INDIA,0.08,27.68,LOW,87.63,0.01,2025-10-25 15:21:53,83,B85;B7;B82;B83;B31;A22;B22;P33;P163;A31,1,1,1,70,13,HIGH
2025-Q1,20251,2025,2710,Petroleum oils and oils obtained from bituminous minerals (excl. crude); preparations containing ...,65550,579444,11906338,5921942,13852465,0.55,4.87,94.58,1.11,4.18,0.8969,HIGH,0.1031,633.96,-5.27,4.49,-34.23,9.91,0.59,5.32,DECREASING,DECREASING,0.47,-0.5,1.96,7.4068,0.3593,4.6719,INDIA,0.55,35.02,LOW,84.99,0.11,2025-10-25 15:21:53,83,B85;B7;B82;B83;B31;A22;B22;P33;P163;A31,1,1,1,70,13,HIGH
2025-Q2,20252,2025,2710,Petroleum oils and oils obtained from bituminous minerals (excl. crude); preparations containing ...,636,1147799,12970977,6929218,17255965,0.0,8.85,91.15,0.01,6.65,0.8387,HIGH,0.1613,-99.03,98.09,8.94,17.01,24.57,0.29,6.07,DECREASING,INCREASING,-0.55,3.98,0.0149,10.8113,0.3905,5.4704,INDIA,0.0,25.22,LOW,86.46,0.0,2025-10-25 15:21:53,83,B85;B7;B82;B83;B31;A22;B22;P33;P163;A31,1,1,1,70,13,HIGH
2020-Q3,20203,2020,3924,"Tableware, kitchenware, other household articles and toilet articles, of plastics (excl. baths, ...",1457102,8643,1832155,3294677,50674,79.53,0.47,20.0,44.23,17.06,0.6725,HIGH,0.3275,,,,,,79.53,0.47,STABLE,STABLE,,,508.9085,196.2646,0.9338,0.192,CHINA,79.53,79.94,HIGH,73.54,168.57,2025-10-25 15:21:53,11,B7;B31;B33;B85;A84;B6,1,1,0,11,0,HIGH
2020-Q4,20204,2020,3924,"Tableware, kitchenware, other household articles and toilet articles, of plastics (excl. baths, ...",1610152,11538,2027616,3847149,56503,79.41,0.57,20.02,41.85,20.42,0.6707,HIGH,0.3293,10.5,33.5,10.67,16.77,11.5,79.47,0.52,DECREASING,INCREASING,-0.12,0.1,435.178,212.3235,0.9129,0.2454,CHINA,79.41,79.83,HIGH,73.99,139.54,2025-10-25 15:21:53,11,B7;B31;B33;B85;A84;B6,1,1,0,11,0,HIGH
2021-Q1,20211,2021,3924,"Tableware, kitchenware, other household articles and toilet articles, of plastics (excl. baths, ...",1576386,12047,1973745,3194667,64062,79.87,0.61,19.52,49.34,18.81,0.6761,HIGH,0.3239,-2.1,4.41,-2.66,-16.96,13.38,79.6,0.55,INCREASING,INCREASING,0.46,0.04,527.073,200.8687,0.8201,0.1874,CHINA,79.87,80.22,HIGH,73.58,130.84,2025-10-25 15:21:53,11,B7;B31;B33;B85;A84;B6,1,1,0,11,0,HIGH
2021-Q2,20212,2021,3924,"Tableware, kitchenware, other household articles and toilet articles, of plastics (excl. baths, ...",1601385,14257,2046548,3752257,55944,78.25,0.7,21.05,42.68,25.48,0.6567,HIGH,0.3433,1.59,18.34,3.69,17.45,-12.67,79.26,0.59,DECREASING,INCREASING,-1.62,0.09,439.649,262.5291,1.0281,0.1416,CHINA,78.25,78.83,HIGH,72.44,112.31,2025-10-25 15:21:53,11,B7;B31;B33;B85;A84;B6,1,1,0,11,0,HIGH
2021-Q3,20213,2021,3924,"Tableware, kitchenware, other household articles and toilet articles, of plastics (excl. baths, ...",1712955,11171,2177018,3897014,61279,78.68,0.51,20.81,43.96,18.23,0.6624,HIGH,0.3376,6.97,-21.65,6.38,3.86,9.54,79.05,0.6,DECREASING,DECREASING,0.43,-0.19,425.6737,176.54,0.9491,0.1299,CHINA,78.68,79.21,HIGH,72.57,153.33,2025-10-25 15:21:53,11,B7;B31;B33;B85;A84;B6,1,1,0,11,0,HIGH
2021-Q4,20214,2021,3924,"Tableware, kitchenware, other household articles and toilet articles, of plastics (excl. baths, ...",1848701,14129,2350784,4380398,59374,78.64,0.6,20.76,42.2,23.8,0.6616,HIGH,0.3384,7.92,26.48,7.98,12.4,-3.11,78.86,0.6,DECREASING,STABLE,-0.04,0.09,378.4994,213.4161,0.9545,0.1213,CHINA,78.64,79.17,HIGH,72.43,130.84,2025-10-25 15:21:53,11,B7;B31;B33;B85;A84;B6,1,1,0,11,0,HIGH
2022-Q1,20221,2022,3924,"Tableware, kitchenware, other household articles and toilet articles, of plastics (excl. baths, ...",1999109,15154,2529465,3723930,68961,79.03,0.6,20.37,53.68,21.97,0.6661,HIGH,0.3339,8.14,7.25,7.6,-14.99,16.15,78.65,0.6,INCREASING,STABLE,0.39,0.0,447.4362,183.1555,0.861,0.1003,CHINA,79.03,79.5,HIGH,72.38,131.91,2025-10-25 15:21:53,11,B7;B31;B33;B85;A84;B6,1,1,0,11,0,HIGH
2022-Q2,20222,2022,3924,"Tableware, kitchenware, other household articles and toilet articles, of plastics (excl. baths, ...",2116145,23247,2681653,4593949,58249,78.91,0.87,20.22,46.06,39.91,0.6636,HIGH,0.3364,5.85,53.41,6.02,23.36,-15.53,78.82,0.64,INCREASING,INCREASING,-0.12,0.27,362.1442,313.7622,1.1044,0.0737,CHINA,78.91,79.36,HIGH,71.95,91.02,2025-10-25 15:21:53,11,B7;B31;B33;B85;A84;B6,1,1,0,11,0,HIGH
2022-Q3,20223,2022,3924,"Tableware, kitchenware, other household articles and toilet articles, of plastics (excl. baths, ...",1856414,15469,2369189,4320239,54406,78.36,0.65,20.99,42.97,28.43,0.6581,HIGH,0.3419,-12.27,-33.46,-11.65,-5.96,-6.6,78.74,0.68,DECREASING,DECREASING,-0.55,-0.22,382.3773,253.0117,1.0749,0.0861,CHINA,78.36,78.92,HIGH,71.94,120.0,2025-10-25 15:21:53,11,B7;B31;B33;B85;A84;B6,1,1,0,11,0,HIGH
2022-Q4,20224,2022,3924,"Tableware, kitchenware, other household articles and toilet articles, of plastics (excl. baths, ...",1530746,16037,1995596,4521676,54664,76.71,0.8,22.49,33.85,29.34,0.6391,HIGH,0.3609,-17.54,3.67,-15.77,4.66,0.47,78.25,0.73,DECREASING,INCREASING,-1.65,0.15,357.6481,309.9373,1.239,0.0981,CHINA,76.71,77.53,HIGH,71.34,95.44,2025-10-25 15:21:53,11,B7;B31;B33;B85;A84;B6,1,1,0,11,0,HIGH
2023-Q1,20231,2023,3924,"Tableware, kitchenware, other household articles and toilet articles, of plastics (excl. baths, ...",1396634,9090,1812179,3606398,55205,77.07,0.5,22.43,38.73,16.47,0.6443,HIGH,0.3557,-8.76,-43.32,-9.19,-20.24,0.99,77.76,0.7,DECREASING,DECREASING,0.36,-0.3,450.5393,191.5619,1.1534,0.0877,CHINA,77.07,77.86,HIGH,71.51,153.63,2025-10-25 15:21:53,11,B7;B31;B33;B85;A84;B6,1,1,0,11,0,HIGH
2023-Q2,20232,2023,3924,"Tableware, kitchenware, other household articles and toilet articles, of plastics (excl. baths, ...",1577943,11380,2015919,4222834,55257,78.27,0.56,21.17,37.37,20.59,0.6575,HIGH,0.3425,12.98,25.19,11.24,17.09,0.09,77.6,0.63,INCREASING,DECREASING,1.2,0.06,390.786,215.3807,1.2701,0.0944,CHINA,78.27,78.86,HIGH,72.03,138.65,2025-10-25 15:21:53,11,B7;B31;B33;B85;A84;B6,1,1,0,11,0,HIGH
2023-Q3,20233,2023,3924,"Tableware, kitchenware, other household articles and toilet articles, of plastics (excl. baths, ...",1611707,12312,2058081,3825024,55419,78.31,0.6,21.09,42.14,22.22,0.6578,HIGH,0.3422,2.14,8.19,2.09,-9.42,0.29,77.59,0.62,INCREASING,DECREASING,0.04,0.04,431.6326,227.579,1.0551,0.089,CHINA,78.31,78.89,HIGH,71.97,130.89,2025-10-25 15:21:53,11,B7;B31;B33;B85;A84;B6,1,1,0,11,0,HIGH
2023-Q4,20234,2023,3924,"Tableware, kitchenware, other household articles and toilet articles, of plastics (excl. baths, ...",1645466,11521,2081165,4106839,55369,79.06,0.55,20.39,40.07,20.81,0.6667,HIGH,0.3333,2.09,-6.42,1.12,7.37,-0.09,78.18,0.55,INCREASING,STABLE,0.75,-0.05,405.8818,210.786,1.0897,0.0992,CHINA,79.06,79.53,HIGH,72.4,142.81,2025-10-25 15:21:53,11,B7;B31;B33;B85;A84;B6,1,1,0,11,0,HIGH
2024-Q1,20241,2024,3924,"Tableware, kitchenware, other household articles and toilet articles, of plastics (excl. baths, ...",1663592,10368,2086858,3929371,61587,79.72,0.5,19.78,42.34,16.83,0.6747,HIGH,0.3253,1.1,-10.01,0.27,-4.32,11.23,78.84,0.55,INCREASING,DECREASING,0.66,-0.05,427.7162,170.074,1.0717,0.0813,CHINA,79.72,80.1,HIGH,72.5,160.44,2025-10-25 15:21:53,11,B7;B31;B33;B85;A84;B6,1,1,0,11,0,HIGH
2024-Q2,20242,2024,3924,"Tableware, kitchenware, other household articles and toilet articles, of plastics (excl. baths, ...",1622155,12954,2064369,4273143,53016,78.58,0.63,20.79,37.96,24.43,0.6607,HIGH,0.3393,-2.49,24.94,-1.08,8.75,-13.92,78.92,0.57,DECREASING,INCREASING,-1.14,0.13,387.688,249.5367,1.2775,0.0867,CHINA,78.58,79.11,HIGH,72.05,125.21,2025-10-25 15:21:53,11,B7;B31;B33;B85;A84;B6,1,1,0,11,0,HIGH
2024-Q3,20243,2024,3924,"Tableware, kitchenware, other household articles and toilet articles, of plastics (excl. baths, ...",1841443,10269,2295808,3734484,56346,80.21,0.45,19.34,49.31,18.22,0.6808,HIGH,0.3192,13.52,-20.73,11.21,-12.61,6.28,79.39,0.53,INCREASING,DECREASING,1.63,-0.18,452.8109,167.361,1.0447,0.1206,CHINA,80.21,80.53,HIGH,73.11,179.3,2025-10-25 15:21:53,11,B7;B31;B33;B85;A84;B6,1,1,0,11,0,HIGH
2024-Q4,20244,2024,3924,"Tableware, kitchenware, other household articles and toilet articles, of plastics (excl. baths, ...",1769821,13248,2212255,4199363,66794,80.0,0.6,19.4,42.14,19.83,0.6777,HIGH,0.3223,-3.89,29.01,-3.64,12.45,18.54,79.63,0.55,INCREASING,INCREASING,-0.21,0.15,401.6387,189.0177,1.1191,0.1358,CHINA,80.0,80.33,HIGH,73.12,133.58,2025-10-25 15:21:53,11,B7;B31;B33;B85;A84;B6,1,1,0,11,0,HIGH
2025-Q1,20251,2025,3924,"Tableware, kitchenware, other household articles and toilet articles, of plastics (excl. baths, ...",1761516,13729,2193973,3624395,63643,80.29,0.63,19.08,48.6,21.57,0.6811,HIGH,0.3189,-0.47,3.63,-0.83,-13.69,-4.72,79.77,0.58,INCREASING,INCREASING,0.29,0.03,467.0298,207.2916,1.1932,0.1165,CHINA,80.29,80.58,HIGH,73.03,128.3,2025-10-25 15:21:53,11,B7;B31;B33;B85;A84;B6,1,1,0,11,0,HIGH
2025-Q2,20252,2025,3924,"Tableware, kitchenware, other household articles and toilet articles, of plastics (excl. baths, ...",1208120,16653,1662091,3956978,62393,72.69,1.0,26.31,30.53,26.69,0.5977,HIGH,0.4023,-31.42,21.3,-24.24,9.18,-1.96,78.3,0.67,DECREASING,INCREASING,-7.6,0.37,387.2723,338.553,1.7404,0.1544,CHINA,72.69,74.28,HIGH,70.22,72.54,2025-10-25 15:21:53,11,B7;B31;B33;B85;A84;B6,1,1,0,11,0,HIGH
2020-Q3,20203,2020,6302,"Bedlinen, table linen, toilet linen and kitchen linen of all types of textile materials (excl. ...",569474,456496,1465067,2265621,407929,38.87,31.16,29.97,25.14,111.91,0.338,HIGH,0.662,,,,,,38.87,31.16,STABLE,STABLE,,,361.7045,1610.3479,0.8031,1.9334,INDIA,38.87,49.58,MEDIUM,62.42,1.25,2025-10-25 15:21:53,12,B31;A53;B7;B85;F65;B6,1,1,0,11,1,HIGH
2020-Q4,20204,2020,6302,"Bedlinen, table linen, toilet linen and kitchen linen of all types of textile materials (excl. ...",665379,606556,1792177,2487594,452331,37.13,33.84,29.03,26.75,134.1,0.3367,HIGH,0.6633,16.84,32.87,22.33,9.8,10.88,38.0,32.5,DECREASING,INCREASING,-1.74,2.68,314.6542,1577.4604,0.6678,2.2223,INDIA,37.13,48.67,MEDIUM,63.54,1.1,2025-10-25 15:21:53,12,B31;A53;B7;B85;F65;B6,1,1,0,11,1,HIGH
2021-Q1,20211,2021,6302,"Bedlinen, table linen, toilet linen and kitchen linen of all types of textile materials (excl. ...",573606,616138,1670297,2096571,510440,34.34,36.89,28.77,27.36,120.71,0.3368,HIGH,0.6632,-13.79,1.58,-6.8,-15.72,12.85,36.78,33.96,DECREASING,INCREASING,-2.79,3.05,345.3307,1523.577,0.636,1.7643,INDIA,34.34,47.27,MEDIUM,56.62,0.93,2025-10-25 15:21:53,12,B31;A53;B7;B85;F65;B6,1,1,0,11,1,HIGH
2021-Q2,20212,2021,6302,"Bedlinen, table linen, toilet linen and kitchen linen of all types of textile materials (excl. ...",629130,704042,1872158,2489634,523514,33.6,37.61,28.79,25.27,134.48,0.3372,HIGH,0.6628,9.68,14.27,12.09,18.75,2.56,35.98,34.88,DECREASING,INCREASING,-0.74,0.72,284.5687,1514.4418,0.7457,1.4482,INDIA,33.6,46.92,MEDIUM,52.88,0.89,2025-10-25 15:21:53,12,B31;A53;B7;B85;F65;B6,1,1,0,11,1,HIGH
2021-Q3,20213,2021,6302,"Bedlinen, table linen, toilet linen and kitchen linen of all types of textile materials (excl. ...",673503,644372,1915125,2577206,642806,35.17,33.65,31.18,26.13,100.24,0.3341,HIGH,0.6659,7.05,-8.48,2.3,3.52,22.79,35.06,35.5,INCREASING,DECREASING,1.57,-3.96,287.6856,1103.5307,0.7135,1.5484,INDIA,35.17,47.61,MEDIUM,56.09,1.05,2025-10-25 15:21:53,12,B31;A53;B7;B85;F65;B6,1,1,0,11,1,HIGH
2021-Q4,20214,2021,6302,"Bedlinen, table linen, toilet linen and kitchen linen of all types of textile materials (excl. ...",725990,749199,2110790,2726140,598600,34.39,35.49,30.12,26.63,125.16,0.3349,HIGH,0.6651,7.79,16.27,10.22,5.78,-6.88,34.38,35.91,INCREASING,DECREASING,-0.78,1.84,265.9881,1250.087,0.6616,1.3622,INDIA,34.39,47.24,MEDIUM,53.18,0.97,2025-10-25 15:21:53,12,B31;A53;B7;B85;F65;B6,1,1,0,11,1,HIGH
2022-Q1,20221,2022,6302,"Bedlinen, table linen, toilet linen and kitchen linen of all types of textile materials (excl. ...",679454,613464,1880123,2190791,571761,36.14,32.63,31.23,31.01,107.29,0.3346,HIGH,0.6654,-6.41,-18.12,-10.93,-19.64,-4.48,34.83,34.84,INCREASING,DECREASING,1.75,-2.86,347.7744,1203.1315,0.6815,1.1192,INDIA,36.14,48.11,MEDIUM,52.6,1.11,2025-10-25 15:21:53,12,B31;A53;B7;B85;F65;B6,1,1,0,11,1,HIGH
2022-Q2,20222,2022,6302,"Bedlinen, table linen, toilet linen and kitchen linen of all types of textile materials (excl. ...",628344,656787,1901467,2450305,532664,33.05,34.54,32.41,25.64,123.3,0.3336,HIGH,0.6664,-7.52,7.06,1.14,11.85,-6.84,34.69,34.08,DECREASING,INCREASING,-3.09,1.91,284.3239,1367.1218,0.8307,0.9511,INDIA,33.05,46.53,MEDIUM,48.92,0.96,2025-10-25 15:21:53,12,B31;A53;B7;B85;F65;B6,1,1,0,11,1,HIGH
2022-Q3,20223,2022,6302,"Bedlinen, table linen, toilet linen and kitchen linen of all types of textile materials (excl. ...",584106,552781,1722134,2606969,491733,33.92,32.1,33.98,22.41,112.41,0.3336,HIGH,0.6664,-7.04,-15.84,-9.43,6.39,-7.68,34.38,33.69,DECREASING,DECREASING,0.87,-2.44,274.2923,1376.2002,0.8923,1.0708,INDIA,33.92,46.97,MEDIUM,51.44,1.06,2025-10-25 15:21:53,12,B31;A53;B7;B85;F65;B6,1,1,0,11,1,HIGH
2022-Q4,20224,2022,6302,"Bedlinen, table linen, toilet linen and kitchen linen of all types of textile materials (excl. ...",497670,480010,1478908,2362994,447503,33.65,32.46,33.89,21.06,107.26,0.3335,HIGH,0.6665,-14.8,-13.16,-14.12,-9.36,-8.99,34.19,32.93,DECREASING,DECREASING,-0.27,0.36,300.2358,1529.1074,0.8737,1.0837,INDIA,33.65,46.83,MEDIUM,51.31,1.04,2025-10-25 15:21:53,12,B31;A53;B7;B85;F65;B6,1,1,0,11,1,HIGH
2023-Q1,20231,2023,6302,"Bedlinen, table linen, toilet linen and kitchen linen of all types of textile materials (excl. ...",423560,505961,1408885,2163874,433255,30.06,35.91,34.03,19.57,116.78,0.3351,HIGH,0.6649,-14.89,5.41,-4.73,-8.43,-3.18,32.67,33.75,DECREASING,INCREASING,-3.59,3.45,292.9087,1747.5223,0.8901,0.8849,CHINA,30.06,45.08,MEDIUM,46.51,0.84,2025-10-25 15:21:53,12,B31;A53;B7;B85;F65;B6,1,1,0,11,1,HIGH
2023-Q2,20232,2023,6302,"Bedlinen, table linen, toilet linen and kitchen linen of all types of textile materials (excl. ...",505910,529198,1459359,2514658,426646,34.67,36.26,29.07,20.12,124.04,0.3362,HIGH,0.6638,19.44,4.59,3.58,16.21,-1.53,33.08,34.18,INCREASING,INCREASING,4.61,0.35,290.6411,1791.8976,1.0448,1.007,CHINA,34.67,47.42,MEDIUM,49.43,0.96,2025-10-25 15:21:53,12,B31;A53;B7;B85;F65;B6,1,1,0,11,1,HIGH
2023-Q3,20233,2023,6302,"Bedlinen, table linen, toilet linen and kitchen linen of all types of textile materials (excl. ...",501793,557656,1554666,2489988,493585,32.28,35.87,31.85,20.15,112.98,0.3343,HIGH,0.6657,-0.81,5.38,6.53,-0.98,15.69,32.66,35.12,DECREASING,INCREASING,-2.39,-0.39,273.2845,1532.1177,0.9093,1.0493,INDIA,32.28,46.17,MEDIUM,49.06,0.9,2025-10-25 15:21:53,12,B31;A53;B7;B85;F65;B6,1,1,0,11,1,HIGH
2023-Q4,20234,2023,6302,"Bedlinen, table linen, toilet linen and kitchen linen of all types of textile materials (excl. ...",510540,547424,1524630,2300177,440923,33.49,35.91,30.6,22.2,124.15,0.3347,HIGH,0.6653,1.74,-1.83,-1.93,-7.62,-10.67,32.62,35.99,INCREASING,DECREASING,1.21,0.04,306.9226,1716.8068,0.8331,1.0782,INDIA,33.49,46.79,MEDIUM,49.81,0.93,2025-10-25 15:21:53,12,B31;A53;B7;B85;F65;B6,1,1,0,11,1,HIGH
2024-Q1,20241,2024,6302,"Bedlinen, table linen, toilet linen and kitchen linen of all types of textile materials (excl. ...",479465,502457,1431009,2161864,497691,33.51,35.11,31.38,22.18,100.96,0.334,HIGH,0.666,-6.09,-8.21,-6.14,-6.01,12.87,33.49,35.79,INCREASING,DECREASING,0.02,-0.8,326.7465,1487.3787,0.8599,0.9576,INDIA,33.51,46.78,MEDIUM,48.94,0.95,2025-10-25 15:21:53,12,B31;A53;B7;B85;F65;B6,1,1,0,11,1,HIGH
2024-Q2,20242,2024,6302,"Bedlinen, table linen, toilet linen and kitchen linen of all types of textile materials (excl. ...",529307,591973,1567998,2516322,467556,33.76,37.75,28.49,21.03,126.61,0.3376,HIGH,0.6624,10.4,17.82,9.57,16.4,-6.05,33.26,36.16,INCREASING,INCREASING,0.25,2.64,282.8269,1702.3449,0.9904,1.0067,INDIA,33.76,47.01,MEDIUM,48.47,0.89,2025-10-25 15:21:53,12,B31;A53;B7;B85;F65;B6,1,1,0,11,1,HIGH
2024-Q3,20243,2024,6302,"Bedlinen, table linen, toilet linen and kitchen linen of all types of textile materials (excl. ...",587277,517201,1594954,2516037,559862,36.82,32.43,30.75,23.34,92.38,0.3353,HIGH,0.6647,10.95,-12.63,1.72,-0.01,19.74,34.39,35.3,INCREASING,DECREASING,3.06,-5.32,308.5337,1221.1106,1.0132,1.7253,INDIA,36.82,48.47,MEDIUM,59.01,1.14,2025-10-25 15:21:53,12,B31;A53;B7;B85;F65;B6,1,1,0,11,1,HIGH
2024-Q4,20244,2024,6302,"Bedlinen, table linen, toilet linen and kitchen linen of all types of textile materials (excl. ...",543514,603340,1640604,2576883,529545,33.13,36.78,30.09,21.09,113.94,0.3356,HIGH,0.6644,-7.45,16.65,2.86,2.42,-5.42,34.3,35.52,DECREASING,INCREASING,-3.69,4.35,271.0423,1464.1322,0.926,1.4517,INDIA,33.13,46.63,MEDIUM,53.06,0.9,2025-10-25 15:21:53,12,B31;A53;B7;B85;F65;B6,1,1,0,11,1,HIGH
2025-Q1,20251,2025,6302,"Bedlinen, table linen, toilet linen and kitchen linen of all types of textile materials (excl. ...",503080,536396,1484478,2152700,571880,33.89,36.13,29.98,23.37,93.8,0.3353,HIGH,0.6647,-7.44,-11.1,-9.52,-16.46,7.99,34.4,35.77,DECREASING,INCREASING,0.76,-0.65,331.898,1332.0842,1.0474,1.547,INDIA,33.89,47.0,MEDIUM,54.57,0.94,2025-10-25 15:21:53,12,B31;A53;B7;B85;F65;B6,1,1,0,11,1,HIGH
2025-Q2,20252,2025,6302,"Bedlinen, table linen, toilet linen and kitchen linen of all types of textile materials (excl. ...",373648,568389,1405898,2400303,520581,26.58,40.43,32.99,15.57,109.18,0.3429,HIGH,0.6571,-25.73,5.96,-5.29,11.5,-8.97,32.61,36.44,DECREASING,INCREASING,-7.31,4.3,233.4359,1637.3003,1.2481,1.5226,INDIA,26.58,43.58,MEDIUM,49.69,0.66,2025-10-25 15:21:53,12,B31;A53;B7;B85;F65;B6,1,1,0,11,1,HIGH
2020-Q3,20203,2020,8471,"Automatic data-processing machines and units thereof; magnetic or optical readers, machines ...",15345194,6291,28831784,46507870,34826,53.22,0.02,46.76,32.99,18.06,0.5019,HIGH,0.4981,,,,,,53.22,0.02,STABLE,STABLE,,,24.1268,13.209,0.8377,0.0084,CHINA,53.22,61.67,MEDIUM,61.36,2438.84,2025-10-25 15:21:53,11,B7;B41;B89;B85;P169;B84;B19;B82;B83,0,1,1,10,1,HIGH
2020-Q4,20204,2020,8471,"Automatic data-processing machines and units thereof; magnetic or optical readers, machines ...",17177585,5013,31120440,51992232,51517,55.2,0.02,44.78,33.04,9.73,0.5052,HIGH,0.4948,11.94,-20.31,7.94,11.79,47.93,54.21,0.02,INCREASING,STABLE,1.98,0.0,22.3822,6.5921,0.8038,0.0146,CHINA,55.2,62.76,MEDIUM,62.22,3425.92,2025-10-25 15:21:53,11,B7;B41;B89;B85;P169;B84;B19;B82;B83,0,1,1,10,1,HIGH
2021-Q1,20211,2021,8471,"Automatic data-processing machines and units thereof; magnetic or optical readers, machines ...",13656983,4286,26085734,45875410,71733,52.35,0.02,47.63,29.77,5.97,0.5009,HIGH,0.4991,-20.5,-14.5,-16.18,-11.76,39.24,53.59,0.02,DECREASING,STABLE,-2.85,0.0,24.0601,4.829,0.8911,0.0159,CHINA,52.35,61.2,MEDIUM,61.09,3185.67,2025-10-25 15:21:53,11,B7;B41;B89;B85;P169;B84;B19;B82;B83,0,1,1,10,1,HIGH
2021-Q2,20212,2021,8471,"Automatic data-processing machines and units thereof; magnetic or optical readers, machines ...",14939658,4097,28319673,46895288,40621,52.75,0.01,47.24,31.86,10.09,0.5014,HIGH,0.4986,9.39,-4.41,8.56,2.22,-43.37,53.38,0.02,DECREASING,DECREASING,0.4,-0.01,23.7164,7.5085,0.9285,0.0074,CHINA,52.75,61.42,MEDIUM,61.17,3645.6,2025-10-25 15:21:53,11,B7;B41;B89;B85;P169;B84;B19;B82;B83,0,1,1,10,1,HIGH
2021-Q3,20213,2021,8471,"Automatic data-processing machines and units thereof; magnetic or optical readers, machines ...",16092485,13913,30064122,51798807,55940,53.53,0.05,46.42,31.07,24.87,0.502,HIGH,0.498,7.72,239.59,6.16,10.46,37.71,53.46,0.02,INCREASING,INCREASING,0.78,0.04,21.7861,17.4411,0.9135,0.0086,CHINA,53.53,61.82,MEDIUM,61.48,1156.57,2025-10-25 15:21:53,11,B7;B41;B89;B85;P169;B84;B19;B82;B83,0,1,1,10,1,HIGH
2021-Q4,20214,2021,8471,"Automatic data-processing machines and units thereof; magnetic or optical readers, machines ...",17851093,12284,33712065,59959588,54320,52.95,0.04,47.01,29.77,22.61,0.5014,HIGH,0.4986,10.93,-11.71,12.13,15.75,-2.9,52.9,0.03,INCREASING,INCREASING,-0.58,-0.01,18.6185,14.1423,0.9111,0.0077,CHINA,52.95,61.52,MEDIUM,61.24,1453.08,2025-10-25 15:21:53,11,B7;B41;B89;B85;P169;B84;B19;B82;B83,0,1,1,10,1,HIGH
2022-Q1,20221,2022,8471,"Automatic data-processing machines and units thereof; magnetic or optical readers, machines ...",13870433,18165,28758231,48690039,71159,48.23,0.06,51.71,28.49,25.53,0.5,HIGH,0.5,-22.3,47.88,-14.69,-18.8,31.0,51.86,0.04,DECREASING,INCREASING,-4.72,0.02,20.8839,18.7141,0.9902,0.0091,CHINA,48.23,59.11,MEDIUM,59.36,763.54,2025-10-25 15:21:53,11,B7;B41;B89;B85;P169;B84;B19;B82;B83,0,1,1,10,1,HIGH
2022-Q2,20222,2022,8471,"Automatic data-processing machines and units thereof; magnetic or optical readers, machines ...",13699232,10097,30135622,45489980,59466,45.46,0.03,54.51,30.11,16.98,0.5038,HIGH,0.4962,-1.23,-44.42,4.79,-6.57,-16.43,50.04,0.04,DECREASING,DECREASING,-2.77,-0.03,21.0681,11.8787,0.9731,0.0067,CHINA,45.46,57.84,MEDIUM,58.24,1356.63,2025-10-25 15:21:53,11,B7;B41;B89;B85;P169;B84;B19;B82;B83,0,1,1,10,1,HIGH
2022-Q3,20223,2022,8471,"Automatic data-processing machines and units thereof; magnetic or optical readers, machines ...",15477714,5770,34097464,49079256,64223,45.39,0.02,54.59,31.54,8.98,0.504,HIGH,0.496,12.98,-42.85,13.15,7.89,8.0,48.01,0.04,DECREASING,DECREASING,-0.07,-0.01,19.499,5.555,0.8485,0.0071,CHINA,45.39,57.82,MEDIUM,58.22,2681.98,2025-10-25 15:21:53,11,B7;B41;B89;B85;P169;B84;B19;B82;B83,0,1,1,10,1,HIGH
2022-Q4,20224,2022,8471,"Automatic data-processing machines and units thereof; magnetic or optical readers, machines ...",12725799,11831,30827812,44645592,88551,41.28,0.04,58.68,28.5,13.36,0.5147,HIGH,0.4853,-17.78,105.04,-9.59,-9.03,37.88,45.09,0.04,DECREASING,STABLE,-4.11,0.02,19.4934,9.1371,0.7919,0.0103,CHINA,41.28,56.08,MEDIUM,56.6,1075.54,2025-10-25 15:21:53,11,B7;B41;B89;B85;P169;B84;B19;B82;B83,0,1,1,10,1,HIGH
2023-Q1,20231,2023,8471,"Automatic data-processing machines and units thereof; magnetic or optical readers, machines ...",9019275,7257,23127164,34028401,104688,39.0,0.03,60.97,26.51,6.93,0.5238,HIGH,0.4762,-29.13,-38.66,-24.98,-23.78,18.22,42.78,0.03,DECREASING,STABLE,-2.28,-0.01,24.162,6.3192,0.8528,0.013,CHINA,39.0,55.21,MEDIUM,55.72,1242.67,2025-10-25 15:21:53,11,B7;B41;B89;B85;P169;B84;B19;B82;B83,0,1,1,10,1,HIGH
2023-Q2,20232,2023,8471,"Automatic data-processing machines and units thereof; magnetic or optical readers, machines ...",11433816,8864,26008381,37706252,86524,43.96,0.03,56.01,30.32,10.24,0.507,HIGH,0.493,26.77,22.14,12.46,10.81,-17.35,42.41,0.03,INCREASING,STABLE,4.96,0.0,24.5804,8.3043,0.879,0.0115,CHINA,43.96,57.19,MEDIUM,57.69,1289.77,2025-10-25 15:21:53,11,B7;B41;B89;B85;P169;B84;B19;B82;B83,0,1,1,10,1,HIGH
2023-Q3,20233,2023,8471,"Automatic data-processing machines and units thereof; magnetic or optical readers, machines ...",9868088,8479,25953935,38908504,92690,38.02,0.03,61.95,25.36,9.15,0.5283,HIGH,0.4717,-13.69,-4.34,-0.21,3.19,7.13,40.56,0.03,DECREASING,STABLE,-5.94,0.0,20.602,7.4308,0.8511,0.0118,CHINA,38.02,54.86,MEDIUM,55.31,1163.69,2025-10-25 15:21:53,11,B7;B41;B89;B85;P169;B84;B19;B82;B83,0,1,1,10,1,HIGH
2023-Q4,20234,2023,8471,"Automatic data-processing machines and units thereof; magnetic or optical readers, machines ...",9319339,6859,29004921,38612195,126952,32.13,0.02,67.85,24.14,5.4,0.5636,HIGH,0.4364,-5.56,-19.11,11.76,-0.76,36.96,38.28,0.03,DECREASING,DECREASING,-5.89,-0.01,17.5434,3.9271,0.7351,0.0163,CHINA,32.13,52.97,MEDIUM,53.01,1358.5,2025-10-25 15:21:53,11,B7;B41;B89;B85;P169;B84;B19;B82;B83,0,1,1,10,1,HIGH
2024-Q1,20241,2024,8471,"Automatic data-processing machines and units thereof; magnetic or optical readers, machines ...",7716600,8152,27129988,35245210,155453,28.44,0.03,71.53,21.89,5.24,0.5925,HIGH,0.4075,-17.2,18.85,-6.46,-8.72,22.45,35.64,0.03,DECREASING,STABLE,-3.69,0.01,17.0138,4.0751,0.7395,0.0158,CHINA,28.44,52.0,MEDIUM,51.52,946.47,2025-10-25 15:21:53,11,B7;B41;B89;B85;P169;B84;B19;B82;B83,0,1,1,10,1,HIGH
2024-Q2,20242,2024,8471,"Automatic data-processing machines and units thereof; magnetic or optical readers, machines ...",9651903,9829,34856692,39940000,324296,27.69,0.03,72.28,24.17,3.03,0.5991,HIGH,0.4009,25.08,20.57,28.48,13.32,108.61,31.57,0.03,DECREASING,STABLE,-0.75,0.0,14.6165,1.8332,0.7071,0.0314,CHINA,27.69,51.82,MEDIUM,51.38,981.88,2025-10-25 15:21:53,11,B7;B41;B89;B85;P169;B84;B19;B82;B83,0,1,1,10,1,HIGH
2024-Q3,20243,2024,8471,"Automatic data-processing machines and units thereof; magnetic or optical readers, machines ...",9948065,10476,41045852,42515122,351868,24.24,0.03,75.73,23.4,2.98,0.6323,HIGH,0.3677,3.07,6.58,17.76,6.45,8.5,28.12,0.03,DECREASING,STABLE,-3.45,0.0,12.0185,1.5292,0.6653,0.0421,CHINA,24.24,51.09,MEDIUM,50.1,949.51,2025-10-25 15:21:53,11,B7;B41;B89;B85;P169;B84;B19;B82;B83,0,1,1,10,1,HIGH
2024-Q4,20244,2024,8471,"Automatic data-processing machines and units thereof; magnetic or optical readers, machines ...",9419260,9745,38373610,42995856,180732,24.55,0.03,75.42,21.91,5.39,0.6291,HIGH,0.3709,-5.32,-6.98,-6.51,1.13,-48.64,26.23,0.03,DECREASING,STABLE,0.31,0.0,12.036,2.9624,0.6606,0.0212,CHINA,24.55,51.15,MEDIUM,50.02,966.47,2025-10-25 15:21:53,11,B7;B41;B89;B85;P169;B84;B19;B82;B83,0,1,1,10,1,HIGH
2025-Q1,20251,2025,8471,"Automatic data-processing machines and units thereof; magnetic or optical readers, machines ...",7197902,14332,43000851,36311685,234742,16.74,0.03,83.23,19.82,6.11,0.7207,HIGH,0.2793,-23.58,47.07,12.06,-15.55,29.88,23.3,0.03,DECREASING,STABLE,-7.81,0.0,9.7187,2.9934,0.6099,0.0219,CHINA,16.74,49.99,MEDIUM,46.9,502.19,2025-10-25 15:21:53,11,B7;B41;B89;B85;P169;B84;B19;B82;B83,0,1,1,10,1,HIGH
2025-Q2,20252,2025,8471,"Automatic data-processing machines and units thereof; magnetic or optical readers, machines ...",1900957,28281,59144266,38042232,229365,3.21,0.05,96.74,5.0,12.33,0.9369,HIGH,0.0631,-73.59,97.33,37.54,4.77,-2.29,17.19,0.04,DECREASING,INCREASING,-13.53,0.02,1.7812,4.3952,0.4702,0.0159,CHINA,3.21,36.84,LOW,41.42,67.21,2025-10-25 15:21:53,11,B7;B41;B89;B85;P169;B84;B19;B82;B83,0,1,1,10,1,HIGH
2020-Q3,20203,2020,8507,"Electric accumulators, incl. separators therefor, whether or not square or rectangular; parts ...",612777,1238,2461264,5773547,107295,24.9,0.05,75.05,10.61,1.15,0.6253,HIGH,0.3747,,,,,,24.9,0.05,STABLE,STABLE,,,90.9131,9.8834,1.2182,0.3027,CHINA,24.9,51.21,MEDIUM,52.97,494.57,2025-10-25 15:21:53,8,B41;B7;B85;B31;B89;B82,0,1,0,8,0,MEDIUM
2020-Q4,20204,2020,8507,"Electric accumulators, incl. separators therefor, whether or not square or rectangular; parts ...",744547,1207,2897449,6311917,119582,25.7,0.04,74.26,11.8,1.01,0.6175,HIGH,0.3825,21.5,-2.5,17.72,9.32,11.45,25.3,0.04,INCREASING,STABLE,0.8,-0.01,85.8301,7.3443,1.0481,0.3634,CHINA,25.7,51.38,MEDIUM,53.9,616.35,2025-10-25 15:21:53,8,B41;B7;B85;B31;B89;B82,0,1,0,8,0,MEDIUM
2021-Q1,20211,2021,8507,"Electric accumulators, incl. separators therefor, whether or not square or rectangular; parts ...",1073521,944,3245684,6779028,124813,33.08,0.03,66.89,15.84,0.76,0.5569,HIGH,0.4431,44.18,-21.79,12.02,7.4,4.37,27.89,0.04,INCREASING,DECREASING,7.38,-0.01,102.8636,4.9128,1.0583,0.222,CHINA,33.08,53.25,MEDIUM,55.44,1136.0,2025-10-25 15:21:53,8,B41;B7;B85;B31;B89;B82,0,1,0,8,0,MEDIUM
2021-Q2,20212,2021,8507,"Electric accumulators, incl. separators therefor, whether or not square or rectangular; parts ...",1189237,15073,3712757,7032219,126211,32.03,0.41,67.56,16.91,11.94,0.559,HIGH,0.441,10.78,1496.72,14.39,3.73,1.12,28.93,0.13,INCREASING,INCREASING,-1.05,0.38,96.0294,67.8158,1.062,0.1761,CHINA,32.03,52.78,MEDIUM,54.41,78.89,2025-10-25 15:21:53,8,B41;B7;B85;B31;B89;B82,0,1,0,8,0,MEDIUM
2021-Q3,20213,2021,8507,"Electric accumulators, incl. separators therefor, whether or not square or rectangular; parts ...",1412254,21982,4231553,8898136,153886,33.37,0.52,66.11,15.87,14.28,0.5484,HIGH,0.4516,18.75,45.84,13.97,26.53,21.93,31.04,0.25,INCREASING,INCREASING,1.34,0.11,79.0749,71.1694,1.1149,0.1678,CHINA,33.37,53.14,MEDIUM,54.82,64.24,2025-10-25 15:21:53,8,B41;B7;B85;B31;B89;B82,0,1,0,8,0,MEDIUM
2021-Q4,20214,2021,8507,"Electric accumulators, incl. separators therefor, whether or not square or rectangular; parts ...",1760193,19624,3981881,10909083,182839,44.21,0.49,55.3,16.14,10.73,0.5013,HIGH,0.4987,24.64,-10.73,-5.9,22.6,18.81,35.67,0.36,INCREASING,INCREASING,10.84,-0.03,85.4296,56.8271,1.4034,0.2206,CHINA,44.21,57.14,MEDIUM,59.69,89.69,2025-10-25 15:21:53,8,B41;B7;B85;B31;B89;B82,0,1,0,8,0,MEDIUM
2022-Q1,20221,2022,8507,"Electric accumulators, incl. separators therefor, whether or not square or rectangular; parts ...",2161225,9668,4753647,10188786,170144,45.46,0.2,54.34,21.21,5.68,0.5019,HIGH,0.4981,22.78,-50.73,19.38,-6.6,-6.94,38.77,0.4,INCREASING,DECREASING,1.25,-0.29,94.0753,25.201,1.2535,0.1317,CHINA,45.46,57.79,MEDIUM,59.42,223.52,2025-10-25 15:21:53,8,B41;B7;B85;B31;B89;B82,0,1,0,8,0,MEDIUM
2022-Q2,20222,2022,8507,"Electric accumulators, incl. separators therefor, whether or not square or rectangular; parts ...",2472494,10687,5737766,13029500,221496,43.09,0.19,56.72,18.98,4.82,0.5074,HIGH,0.4926,14.4,10.54,20.7,27.88,30.18,41.53,0.35,INCREASING,DECREASING,-2.37,-0.01,69.7252,17.7285,1.4639,0.1311,CHINA,43.09,56.77,MEDIUM,58.47,231.33,2025-10-25 15:21:53,8,B41;B7;B85;B31;B89;B82,0,1,0,8,0,MEDIUM
2022-Q3,20223,2022,8507,"Electric accumulators, incl. separators therefor, whether or not square or rectangular; parts ...",2895101,14648,6482331,16490449,245589,44.66,0.23,55.11,17.56,5.96,0.5032,HIGH,0.4968,17.09,37.06,12.98,26.56,10.88,44.36,0.28,INCREASING,DECREASING,1.57,0.04,57.0985,19.3983,1.4995,0.1421,CHINA,44.66,57.43,MEDIUM,59.19,197.63,2025-10-25 15:21:53,8,B41;B7;B85;B31;B89;B82,0,1,0,8,0,MEDIUM
2022-Q4,20224,2022,8507,"Electric accumulators, incl. separators therefor, whether or not square or rectangular; parts ...",3393277,7622,6936523,17519252,157764,48.92,0.11,50.97,19.37,4.83,0.4991,HIGH,0.5009,17.21,-47.97,7.01,6.24,-35.76,45.53,0.18,INCREASING,DECREASING,4.26,-0.12,58.869,14.684,1.3811,0.0815,CHINA,48.92,59.43,MEDIUM,60.34,445.14,2025-10-25 15:21:53,8,B41;B7;B85;B31;B89;B82,0,1,0,8,0,MEDIUM
2023-Q1,20231,2023,8507,"Electric accumulators, incl. separators therefor, whether or not square or rectangular; parts ...",4057181,1008,7749272,17224994,167472,52.36,0.01,47.63,23.55,0.6,0.501,HIGH,0.499,19.57,-86.78,11.72,-1.68,6.15,47.26,0.14,INCREASING,DECREASING,3.44,-0.1,64.081,1.6375,1.2883,0.0622,CHINA,52.36,61.21,MEDIUM,61.56,4020.99,2025-10-25 15:21:53,8,B41;B7;B85;B31;B89;B82,0,1,0,8,0,MEDIUM
2023-Q2,20232,2023,8507,"Electric accumulators, incl. separators therefor, whether or not square or rectangular; parts ...",3459072,1323,7111640,17346161,184634,48.64,0.02,51.34,19.94,0.72,0.5002,HIGH,0.4998,-14.74,31.25,-8.23,0.7,10.25,48.64,0.09,STABLE,DECREASING,-3.72,0.01,59.1168,2.1242,1.4789,0.0894,CHINA,48.64,59.33,MEDIUM,60.34,2612.59,2025-10-25 15:21:53,8,B41;B7;B85;B31;B89;B82,0,1,0,8,0,MEDIUM
2023-Q3,20233,2023,8507,"Electric accumulators, incl. separators therefor, whether or not square or rectangular; parts ...",3520209,2161,6989507,17720822,203172,50.36,0.03,49.61,19.86,1.06,0.4997,HIGH,0.5003,1.77,63.34,-1.72,2.16,10.04,50.07,0.04,INCREASING,DECREASING,1.72,0.01,59.9188,3.2083,1.4394,0.0961,CHINA,50.36,60.17,MEDIUM,61.09,1628.22,2025-10-25 15:21:53,8,B41;B7;B85;B31;B89;B82,0,1,0,8,0,MEDIUM
2023-Q4,20234,2023,8507,"Electric accumulators, incl. separators therefor, whether or not square or rectangular; parts ...",4804276,4996,7922591,17560227,203618,60.64,0.06,39.3,27.36,2.45,0.5222,HIGH,0.4778,36.48,131.19,13.35,-0.91,0.22,53.0,0.03,INCREASING,INCREASING,10.28,0.03,72.804,6.5293,1.224,0.0958,CHINA,60.64,65.99,MEDIUM,65.19,961.43,2025-10-25 15:21:53,8,B41;B7;B85;B31;B89;B82,0,1,0,8,0,MEDIUM
2024-Q1,20241,2024,8507,"Electric accumulators, incl. separators therefor, whether or not square or rectangular; parts ...",3896073,18719,7189900,14409500,223654,54.19,0.26,45.55,27.04,8.37,0.5011,HIGH,0.4989,-18.9,274.68,-9.25,-17.94,9.84,53.46,0.09,INCREASING,INCREASING,-6.45,0.2,79.283,24.5419,1.1407,0.0857,CHINA,54.19,62.13,MEDIUM,62.43,208.12,2025-10-25 15:21:53,8,B41;B7;B85;B31;B89;B82,0,1,0,8,0,MEDIUM
2024-Q2,20242,2024,8507,"Electric accumulators, incl. separators therefor, whether or not square or rectangular; parts ...",3423059,16865,6513968,15502478,228965,52.55,0.26,47.19,22.08,7.37,0.4988,HIGH,0.5012,-12.14,-9.9,-9.4,7.59,2.37,54.43,0.15,DECREASING,INCREASING,-1.64,0.0,71.4648,23.8395,1.4687,0.1187,CHINA,52.55,61.24,MEDIUM,62.1,202.96,2025-10-25 15:21:53,8,B41;B7;B85;B31;B89;B82,0,1,0,8,0,MEDIUM
2024-Q3,20243,2024,8507,"Electric accumulators, incl. separators therefor, whether or not square or rectangular; parts ...",5370100,10474,9176332,17857316,247362,58.52,0.11,41.37,30.07,4.23,0.5136,HIGH,0.4864,56.88,-37.9,40.87,15.19,8.03,56.48,0.17,INCREASING,DECREASING,5.97,-0.15,69.0911,9.7283,1.2499,0.1325,CHINA,58.52,64.67,MEDIUM,64.69,512.66,2025-10-25 15:21:53,8,B41;B7;B85;B31;B89;B82,0,1,0,8,0,MEDIUM
2024-Q4,20244,2024,8507,"Electric accumulators, incl. separators therefor, whether or not square or rectangular; parts ...",5451826,6098,9555451,18849225,173436,57.05,0.06,42.89,28.92,3.52,0.5094,HIGH,0.4906,1.52,-41.78,4.13,5.55,-29.89,55.58,0.17,INCREASING,DECREASING,-1.47,-0.05,63.8149,7.7575,1.1629,0.0816,CHINA,57.05,63.81,MEDIUM,63.61,893.89,2025-10-25 15:21:53,8,B41;B7;B85;B31;B89;B82,0,1,0,8,0,MEDIUM
2025-Q1,20251,2025,8507,"Electric accumulators, incl. separators therefor, whether or not square or rectangular; parts ...",4202743,14674,7718382,16695872,174539,54.45,0.19,45.36,25.17,8.41,0.5022,HIGH,0.4978,-22.91,140.64,-19.23,-11.42,0.64,55.64,0.16,DECREASING,INCREASING,-2.6,0.13,68.7578,22.9644,1.5625,0.0908,CHINA,54.45,62.29,MEDIUM,62.61,286.39,2025-10-25 15:21:53,8,B41;B7;B85;B31;B89;B82,0,1,0,8,0,MEDIUM
2025-Q2,20252,2025,8507,"Electric accumulators, incl. separators therefor, whether or not square or rectangular; parts ...",2761341,14459,6573685,19960997,178254,42.01,0.22,57.77,13.83,8.11,0.5102,HIGH,0.4898,-34.3,-1.47,-14.83,19.56,2.13,53.01,0.14,DECREASING,INCREASING,-12.44,0.03,44.3664,26.0145,2.2198,0.1115,CHINA,42.01,56.31,MEDIUM,57.83,190.96,2025-10-25 15:21:53,8,B41;B7;B85;B31;B89;B82,0,1,0,8,0,MEDIUM
2020-Q3,20203,2020,8517,"Telephone sets, incl. smartphones and other telephones for cellular networks or for other wireless ...",12076040,191310,24805555,55649347,853425,48.68,0.77,50.55,21.7,22.42,0.4926,HIGH,0.5074,,,,,,48.68,0.77,STABLE,STABLE,,,18.4434,19.0523,1.165,0.2389,CHINA,48.68,59.12,MEDIUM,61.55,63.12,2025-10-25 15:21:53,21,B41;B31;B33;B84;B89;B82;B7;B85;B83;B19,0,1,0,21,0,HIGH
2020-Q4,20204,2020,8517,"Telephone sets, incl. smartphones and other telephones for cellular networks or for other wireless ...",20342105,209703,30874283,78785233,1461988,65.89,0.68,33.43,25.82,14.34,0.546,HIGH,0.454,68.45,9.61,24.47,41.57,71.31,57.28,0.73,INCREASING,DECREASING,17.21,-0.09,17.6311,9.7946,1.2277,0.4169,CHINA,65.89,69.32,MEDIUM,70.25,97.0,2025-10-25 15:21:53,21,B41;B31;B33;B84;B89;B82;B7;B85;B83;B19,0,1,0,21,0,HIGH
2021-Q1,20211,2021,8517,"Telephone sets, incl. smartphones and other telephones for cellular networks or for other wireless ...",12945764,227424,23063033,58239197,1602409,56.13,0.99,42.88,22.23,14.19,0.499,HIGH,0.501,-36.36,8.45,-25.3,-26.08,9.6,56.9,0.81,DECREASING,INCREASING,-9.76,0.31,20.3199,12.9739,1.2795,0.4011,CHINA,56.13,63.04,MEDIUM,66.07,56.92,2025-10-25 15:21:53,21,B41;B31;B33;B84;B89;B82;B7;B85;B83;B19,0,1,0,21,0,HIGH
2021-Q2,20212,2021,8517,"Telephone sets, incl. smartphones and other telephones for cellular networks or for other wireless ...",13383905,217811,24938865,55706322,1073278,53.67,0.87,45.46,24.03,20.29,0.4948,HIGH,0.5052,3.38,-4.23,8.13,-4.35,-33.02,56.09,0.83,DECREASING,INCREASING,-2.46,-0.12,20.3108,17.156,1.2525,0.2229,CHINA,53.67,61.68,MEDIUM,63.35,61.45,2025-10-25 15:21:53,21,B41;B31;B33;B84;B89;B82;B7;B85;B83;B19,0,1,0,21,0,HIGH
2021-Q3,20213,2021,8517,"Telephone sets, incl. smartphones and other telephones for cellular networks or for other wireless ...",13778523,250742,25412655,59364105,1463961,54.22,0.99,44.79,23.21,17.13,0.4947,HIGH,0.5053,2.95,15.12,1.9,6.57,36.4,57.48,0.88,DECREASING,INCREASING,0.55,0.12,19.2554,14.2093,1.2386,0.2658,CHINA,54.22,61.95,MEDIUM,63.95,54.95,2025-10-25 15:21:53,21,B41;B31;B33;B84;B89;B82;B7;B85;B83;B19,0,1,0,21,0,HIGH
2021-Q4,20214,2021,8517,"Telephone sets, incl. smartphones and other telephones for cellular networks or for other wireless ...",21457641,255465,38127976,84334211,2300536,56.28,0.67,43.05,25.44,11.1,0.5021,HIGH,0.4979,55.73,1.88,50.04,42.06,57.14,55.08,0.88,INCREASING,DECREASING,2.06,-0.32,14.0689,6.1402,1.133,0.2898,CHINA,56.28,63.2,MEDIUM,65.14,83.99,2025-10-25 15:21:53,21,B41;B31;B33;B84;B89;B82;B7;B85;B83;B19,0,1,0,21,0,HIGH
2022-Q1,20221,2022,8517,"Telephone sets, incl. smartphones and other telephones for cellular networks or for other wireless ...",16019887,281399,29874206,56355289,2275384,53.62,0.94,45.44,28.43,12.37,0.4941,HIGH,0.5059,-25.34,10.15,-21.65,-33.18,-1.09,54.45,0.87,DECREASING,INCREASING,-2.66,0.27,20.061,8.7276,1.1033,0.2803,CHINA,53.62,61.63,MEDIUM,63.88,56.93,2025-10-25 15:21:53,21,B41;B31;B33;B84;B89;B82;B7;B85;B83;B19,0,1,0,21,0,HIGH
2022-Q2,20222,2022,8517,"Telephone sets, incl. smartphones and other telephones for cellular networks or for other wireless ...",14314961,419228,29651937,53992279,2233740,48.28,1.41,50.31,26.51,18.77,0.4864,HIGH,0.5136,-10.64,48.98,-0.74,-4.19,-1.83,53.1,1.0,DECREASING,INCREASING,-5.34,0.47,18.8508,13.3441,1.1738,0.2558,CHINA,48.28,58.73,MEDIUM,61.31,34.15,2025-10-25 15:21:53,21,B41;B31;B33;B84;B89;B82;B7;B85;B83;B19,0,1,0,21,0,HIGH
2022-Q3,20223,2022,8517,"Telephone sets, incl. smartphones and other telephones for cellular networks or for other wireless ...",16113509,455090,33325900,61713343,2682151,48.35,1.37,50.28,26.11,16.97,0.4868,HIGH,0.5132,12.56,8.55,12.39,14.3,20.07,51.63,1.1,DECREASING,INCREASING,0.07,-0.04,16.5179,10.7339,1.0916,0.3018,CHINA,48.35,58.78,MEDIUM,61.81,35.41,2025-10-25 15:21:53,21,B41;B31;B33;B84;B89;B82;B7;B85;B83;B19,0,1,0,21,0,HIGH
2022-Q4,20224,2022,8517,"Telephone sets, incl. smartphones and other telephones for cellular networks or for other wireless ...",17955573,767599,33835430,66027850,3662444,53.07,2.27,44.66,27.19,20.96,0.4816,HIGH,0.5184,11.43,68.67,1.53,6.99,36.55,50.83,1.5,INCREASING,INCREASING,4.72,0.9,16.9444,13.0592,1.0671,0.3877,CHINA,53.07,60.98,MEDIUM,64.2,23.39,2025-10-25 15:21:53,21,B41;B31;B33;B84;B89;B82;B7;B85;B83;B19,0,1,0,21,0,HIGH
2023-Q1,20231,2023,8517,"Telephone sets, incl. smartphones and other telephones for cellular networks or for other wireless ...",12689223,1274060,28326993,51467887,4055754,44.8,4.5,50.7,24.65,31.41,0.4598,HIGH,0.5402,-29.33,65.98,-16.28,-22.05,10.74,48.62,2.39,DECREASING,INCREASING,-8.27,2.23,18.3494,23.3799,1.053,0.412,CHINA,44.8,56.19,MEDIUM,60.24,9.96,2025-10-25 15:21:53,21,B41;B31;B33;B84;B89;B82;B7;B85;B83;B19,0,1,0,21,0,HIGH
2023-Q2,20232,2023,8517,"Telephone sets, incl. smartphones and other telephones for cellular networks or for other wireless ...",10687815,1516582,25950728,44291889,4019391,41.19,5.84,52.97,24.13,37.73,0.4537,HIGH,0.5463,-15.77,19.04,-8.39,-13.94,-0.9,46.85,3.5,DECREASING,INCREASING,-3.61,1.34,19.6038,30.6536,1.0349,0.5335,CHINA,41.19,54.21,MEDIUM,59.48,7.05,2025-10-25 15:21:53,21,B41;B31;B33;B84;B89;B82;B7;B85;B83;B19,0,1,0,21,0,HIGH
2023-Q3,20233,2023,8517,"Telephone sets, incl. smartphones and other telephones for cellular networks or for other wireless ...",13437954,1645459,29442851,52915453,3142686,45.64,5.59,48.77,25.4,52.36,0.4493,HIGH,0.5507,25.73,8.5,13.46,19.47,-21.81,46.18,4.55,DECREASING,INCREASING,4.45,-0.25,18.1843,37.4913,1.0203,0.3528,CHINA,45.64,56.3,MEDIUM,59.55,8.17,2025-10-25 15:21:53,21,B41;B31;B33;B84;B89;B82;B7;B85;B83;B19,0,1,0,21,0,HIGH
2023-Q4,20234,2023,8517,"Telephone sets, incl. smartphones and other telephones for cellular networks or for other wireless ...",18401757,1923541,34646030,70210726,4428570,53.11,5.55,41.34,26.21,43.43,0.456,HIGH,0.544,36.94,16.9,17.67,32.68,40.92,46.18,5.37,INCREASING,INCREASING,7.47,-0.04,15.9488,26.4307,1.1191,0.4765,CHINA,53.11,60.24,MEDIUM,63.79,9.57,2025-10-25 15:21:53,21,B41;B31;B33;B84;B89;B82;B7;B85;B83;B19,0,1,0,21,0,HIGH
2024-Q1,20241,2024,8517,"Telephone sets, incl. smartphones and other telephones for cellular networks or for other wireless ...",10304073,2567937,24021767,45267173,5409780,42.89,10.69,46.42,22.76,47.47,0.4109,HIGH,0.5891,-44.0,33.5,-30.67,-35.53,22.16,45.71,6.92,DECREASING,INCREASING,-10.22,5.14,19.9777,41.6605,1.0726,0.6201,CHINA,42.89,53.77,MEDIUM,59.08,4.01,2025-10-25 15:21:53,21,B41;B31;B33;B84;B89;B82;B7;B85;B83;B19,0,1,0,21,0,HIGH
2024-Q2,20242,2024,8517,"Telephone sets, incl. smartphones and other telephones for cellular networks or for other wireless ...",10218264,2466717,25687113,45870427,5222144,39.78,9.6,50.62,22.28,47.24,0.4237,HIGH,0.5763,-0.83,-3.94,6.93,1.33,-3.47,45.36,7.86,DECREASING,INCREASING,-3.11,-1.09,18.2833,38.7686,1.1021,0.6863,CHINA,39.78,52.6,MEDIUM,58.94,4.14,2025-10-25 15:21:53,21,B41;B31;B33;B84;B89;B82;B7;B85;B83;B19,0,1,0,21,0,HIGH
2024-Q3,20243,2024,8517,"Telephone sets, incl. smartphones and other telephones for cellular networks or for other wireless ...",13672344,1558721,30039974,54150338,4036289,45.51,5.19,49.3,25.25,38.62,0.4529,HIGH,0.5471,33.8,-36.81,16.95,18.05,-22.71,45.32,7.76,INCREASING,DECREASING,5.73,-4.41,17.7201,27.1026,1.1578,0.6604,CHINA,45.51,56.34,MEDIUM,62.73,8.77,2025-10-25 15:21:53,21,B41;B31;B33;B84;B89;B82;B7;B85;B83;B19,0,1,0,21,0,HIGH
2024-Q4,20244,2024,8517,"Telephone sets, incl. smartphones and other telephones for cellular networks or for other wireless ...",17273328,2409940,35336861,69658319,7415464,48.88,6.82,44.3,24.8,32.5,0.4398,HIGH,0.5602,26.34,54.61,17.63,28.64,83.72,44.26,8.07,INCREASING,DECREASING,3.37,1.63,14.7945,19.3894,1.1621,0.9438,CHINA,48.88,57.63,MEDIUM,66.26,7.17,2025-10-25 15:21:53,21,B41;B31;B33;B84;B89;B82;B7;B85;B83;B19,0,1,0,21,0,HIGH
2025-Q1,20251,2025,8517,"Telephone sets, incl. smartphones and other telephones for cellular networks or for other wireless ...",11258399,5794001,34367046,48112911,9204398,32.76,16.86,50.38,23.4,62.95,0.3896,HIGH,0.6104,-34.82,140.42,-2.74,-30.93,24.12,41.73,9.62,DECREASING,INCREASING,-16.12,10.04,14.3548,38.6159,1.0112,1.0755,INDIA,32.76,48.07,MEDIUM,57.11,1.94,2025-10-25 15:21:53,21,B41;B31;B33;B84;B89;B82;B7;B85;B83;B19,0,1,0,21,0,HIGH
2025-Q2,20252,2025,8517,"Telephone sets, incl. smartphones and other telephones for cellular networks or for other wireless ...",3757368,6838405,31333057,45214042,8612772,11.99,21.82,66.19,8.31,79.4,0.5001,HIGH,0.4999,-66.63,18.03,-8.83,-6.03,-6.43,34.79,12.67,DECREASING,INCREASING,-20.77,4.96,5.5916,53.4237,1.0549,1.1303,INDIA,11.99,41.0,MEDIUM,47.37,0.55,2025-10-25 15:21:53,21,B41;B31;B33;B84;B89;B82;B7;B85;B83;B19,0,1,0,21,0,HIGH
2020-Q3,20203,2020,8542,Electronic integrated circuits; parts thereof,409761,1087,7695127,31511673,49175,5.32,0.01,94.67,1.3,2.21,0.8991,HIGH,0.1009,,,,,,5.32,0.01,STABLE,STABLE,,,3.5626,6.0561,2.1265,0.0444,CHINA,5.32,43.88,MEDIUM,42.57,376.62,2025-10-25 15:21:53,11,B41;B7;B31;B83;B852;B82;B9;P33,0,1,1,10,1,HIGH
2020-Q4,20204,2020,8542,Electronic integrated circuits; parts thereof,565436,1327,8710914,35034459,67335,6.49,0.02,93.49,1.61,1.97,0.8783,HIGH,0.1217,37.99,22.08,13.2,11.18,36.93,5.9,0.02,INCREASING,STABLE,1.17,0.01,3.9062,4.7697,1.935,0.0681,CHINA,6.49,45.22,MEDIUM,43.27,425.78,2025-10-25 15:21:53,11,B41;B7;B31;B83;B852;B82;B9;P33,0,1,1,10,1,HIGH
2021-Q1,20211,2021,8542,Electronic integrated circuits; parts thereof,446385,1669,9113907,31568493,81803,4.9,0.02,95.08,1.41,2.04,0.9064,HIGH,0.0936,-21.05,25.77,4.63,-9.89,21.49,5.57,0.02,DECREASING,STABLE,-1.59,0.0,3.271,4.7196,1.7551,0.0518,CHINA,4.9,42.73,MEDIUM,42.47,267.3,2025-10-25 15:21:53,11,B41;B7;B31;B83;B852;B82;B9;P33,0,1,1,10,1,HIGH
2021-Q2,20212,2021,8542,Electronic integrated circuits; parts thereof,558661,1254,10574976,35677904,114907,5.28,0.01,94.71,1.57,1.09,0.8998,HIGH,0.1002,25.15,-24.87,16.03,13.02,40.47,5.5,0.02,DECREASING,DECREASING,0.38,-0.01,3.1217,2.1757,1.8918,0.0563,CHINA,5.28,42.12,MEDIUM,42.67,445.15,2025-10-25 15:21:53,11,B41;B7;B31;B83;B852;B82;B9;P33,0,1,1,10,1,HIGH
2021-Q3,20213,2021,8542,Electronic integrated circuits; parts thereof,741859,2469,10942535,42242008,82012,6.78,0.02,93.2,1.76,3.01,0.8732,HIGH,0.1268,32.79,96.89,3.48,18.4,-28.63,5.86,0.02,INCREASING,STABLE,1.5,0.01,3.3836,5.8003,2.0468,0.0346,CHINA,6.78,43.12,MEDIUM,43.05,300.35,2025-10-25 15:21:53,11,B41;B7;B31;B83;B852;B82;B9;P33,0,1,1,10,1,HIGH
2021-Q4,20214,2021,8542,Electronic integrated circuits; parts thereof,612788,2236,10619834,45813412,101411,5.77,0.02,94.21,1.34,2.2,0.8909,HIGH,0.1091,-17.4,-9.44,-2.95,8.45,23.65,5.68,0.02,INCREASING,STABLE,-1.01,0.0,2.6554,4.3772,2.2098,0.0459,CHINA,5.77,40.23,MEDIUM,42.76,273.93,2025-10-25 15:21:53,11,B41;B7;B31;B83;B852;B82;B9;P33,0,1,1,10,1,HIGH
2022-Q1,20221,2022,8542,Electronic integrated circuits; parts thereof,547285,1857,10432743,38645899,137852,5.25,0.02,94.73,1.42,1.35,0.9001,HIGH,0.0999,-10.69,-16.95,-1.76,-15.65,35.93,5.77,0.02,DECREASING,STABLE,-0.52,0.0,2.8618,2.7222,2.1664,0.0486,CHINA,5.25,41.08,MEDIUM,42.58,294.56,2025-10-25 15:21:53,11,B41;B7;B31;B83;B852;B82;B9;P33,0,1,1,10,1,HIGH
2022-Q2,20222,2022,8542,Electronic integrated circuits; parts thereof,825706,2945,11908610,38783980,130600,6.93,0.02,93.05,2.13,2.25,0.8706,HIGH,0.1294,50.87,58.59,14.15,0.36,-5.26,6.18,0.02,INCREASING,STABLE,1.68,0.0,3.7691,3.9921,2.0995,0.0372,CHINA,6.93,44.66,MEDIUM,43.14,280.28,2025-10-25 15:21:53,11,B41;B7;B31;B83;B852;B82;B9;P33,0,1,1,10,1,HIGH
2022-Q3,20223,2022,8542,Electronic integrated circuits; parts thereof,682361,2600,10797685,38808616,153595,6.32,0.02,93.66,1.76,1.69,0.8812,HIGH,0.1188,-17.36,-11.71,-9.33,0.06,17.61,6.07,0.02,INCREASING,STABLE,-0.61,0.0,3.4331,3.3051,2.1186,0.0533,CHINA,6.32,43.33,MEDIUM,43.05,262.35,2025-10-25 15:21:53,11,B41;B7;B31;B83;B852;B82;B9;P33,0,1,1,10,1,HIGH
2022-Q4,20224,2022,8542,Electronic integrated circuits; parts thereof,557785,2981,10545911,38285616,57454,5.29,0.03,94.68,1.46,5.19,0.8992,HIGH,0.1008,-18.26,14.65,-2.33,-1.35,-62.59,5.95,0.02,DECREASING,INCREASING,-1.03,0.01,2.9125,10.3725,1.9852,0.0195,CHINA,5.29,41.27,MEDIUM,42.3,187.05,2025-10-25 15:21:53,11,B41;B7;B31;B83;B852;B82;B9;P33,0,1,1,10,1,HIGH
2023-Q1,20231,2023,8542,Electronic integrated circuits; parts thereof,528760,2367,9122828,31208689,62907,5.8,0.03,94.17,1.69,3.76,0.8902,HIGH,0.1098,-5.2,-20.6,-13.49,-18.48,9.49,6.08,0.02,DECREASING,INCREASING,0.51,0.0,3.9154,8.6955,1.9827,0.0198,CHINA,5.8,45.27,MEDIUM,42.51,223.29,2025-10-25 15:21:53,11,B41;B7;B31;B83;B852;B82;B9;P33,0,1,1,10,1,HIGH
2023-Q2,20232,2023,8542,Electronic integrated circuits; parts thereof,524390,2282,9009385,31850964,64486,5.82,0.03,94.15,1.65,3.54,0.8898,HIGH,0.1102,-0.83,-3.59,-1.24,2.06,2.51,5.81,0.03,INCREASING,STABLE,0.02,0.0,3.8527,8.2809,2.1435,0.0247,CHINA,5.82,45.01,MEDIUM,42.56,229.69,2025-10-25 15:21:53,11,B41;B7;B31;B83;B852;B82;B9;P33,0,1,1,10,1,HIGH
2023-Q3,20233,2023,8542,Electronic integrated circuits; parts thereof,473663,5552,9142756,35587650,41919,5.18,0.06,94.76,1.33,13.24,0.9006,HIGH,0.0994,-9.67,143.3,1.48,11.73,-35.0,5.52,0.04,DECREASING,INCREASING,-0.64,0.03,3.0691,30.5412,2.2098,0.0152,CHINA,5.18,41.88,MEDIUM,42.2,85.3,2025-10-25 15:21:53,11,B41;B7;B31;B83;B852;B82;B9;P33,0,1,1,10,1,HIGH
2023-Q4,20234,2023,8542,Electronic integrated circuits; parts thereof,318851,4720,8787853,37659250,45948,3.63,0.05,96.32,0.85,10.27,0.9291,HIGH,0.0709,-32.68,-14.99,-3.88,5.82,9.61,5.11,0.04,DECREASING,INCREASING,-1.55,-0.01,2.0312,24.6444,2.3664,0.0195,CHINA,3.63,37.81,LOW,41.63,67.54,2025-10-25 15:21:53,11,B41;B7;B31;B83;B852;B82;B9;P33,0,1,1,10,1,HIGH
2024-Q1,20241,2024,8542,Electronic integrated circuits; parts thereof,334795,3119,8471820,37096001,77485,3.95,0.04,96.01,0.9,4.03,0.9234,HIGH,0.0766,5.0,-33.92,-3.6,-1.5,68.64,4.64,0.04,DECREASING,STABLE,0.32,-0.01,2.2459,10.0172,2.4924,0.0252,CHINA,3.95,38.66,LOW,41.82,107.31,2025-10-25 15:21:53,11,B41;B7;B31;B83;B852;B82;B9;P33,0,1,1,10,1,HIGH
2024-Q2,20242,2024,8542,Electronic integrated circuits; parts thereof,406859,35949,9752228,39435716,49869,4.17,0.37,95.46,1.03,72.09,0.913,HIGH,0.087,21.52,1052.58,15.11,6.31,-35.64,4.23,0.13,DECREASING,INCREASING,0.22,0.33,2.2304,155.8393,2.4956,0.0173,CHINA,4.17,38.4,LOW,41.69,11.32,2025-10-25 15:21:53,11,B41;B7;B31;B83;B852;B82;B9;P33,0,1,1,10,1,HIGH
2024-Q3,20243,2024,8542,Electronic integrated circuits; parts thereof,373276,1449,11138556,41650760,82202,3.35,0.01,96.64,0.9,1.76,0.9351,HIGH,0.0649,-8.25,-95.97,14.22,5.62,64.84,3.78,0.12,DECREASING,DECREASING,-0.82,-0.36,1.6963,3.3364,2.4016,0.0363,CHINA,3.35,36.51,LOW,41.7,257.43,2025-10-25 15:21:53,11,B41;B7;B31;B83;B852;B82;B9;P33,0,1,1,10,1,HIGH
2024-Q4,20244,2024,8542,Electronic integrated circuits; parts thereof,358502,1505,11023848,41829854,62481,3.25,0.01,96.74,0.86,2.41,0.9369,HIGH,0.0631,-3.96,3.86,-1.03,0.43,-23.99,3.68,0.11,DECREASING,DECREASING,-0.1,0.0,1.6391,4.6066,2.237,0.0255,CHINA,3.25,36.29,LOW,41.55,238.05,2025-10-25 15:21:53,11,B41;B7;B31;B83;B852;B82;B9;P33,0,1,1,10,1,HIGH
2025-Q1,20251,2025,8542,Electronic integrated circuits; parts thereof,399401,2763,10318897,40986408,59610,3.87,0.03,96.1,0.97,4.64,0.925,HIGH,0.075,11.41,83.59,-6.39,-2.02,-4.59,3.66,0.1,INCREASING,DECREASING,0.62,0.02,1.991,9.4701,2.869,0.0232,CHINA,3.87,37.65,LOW,41.77,144.5,2025-10-25 15:21:53,11,B41;B7;B31;B83;B852;B82;B9;P33,0,1,1,10,1,HIGH
2025-Q2,20252,2025,8542,Electronic integrated circuits; parts thereof,319858,5495,9961077,49784349,49467,3.21,0.06,96.73,0.64,11.11,0.9367,HIGH,0.0633,-19.92,98.88,-3.47,21.47,-17.02,3.42,0.03,DECREASING,INCREASING,-0.66,0.03,1.3598,23.511,3.6537,0.0204,CHINA,3.21,35.15,LOW,41.46,58.2,2025-10-25 15:21:53,11,B41;B7;B31;B83;B852;B82;B9;P33,0,1,1,10,1,HIGH
2020-Q3,20203,2020,9503,"Tricycles, scooters, pedal cars and similar wheeled toys; dolls' carriages; dolls; other toys; ...",3754004,17442,4582356,11539923,46324,81.92,0.38,17.7,32.53,37.65,0.7024,HIGH,0.2976,,,,,,81.92,0.38,STABLE,STABLE,,,149.6676,173.2312,1.3078,0.0702,CHINA,81.92,82.03,HIGH,73.32,215.22,2025-10-25 15:21:53,37,B82;B41;B21;B7;B31;B859;B9;B22;A84;B85,1,1,0,36,1,HIGH
2020-Q4,20204,2020,9503,"Tricycles, scooters, pedal cars and similar wheeled toys; dolls' carriages; dolls; other toys; ...",4610864,35105,5519130,11442862,41138,83.54,0.64,15.82,40.29,85.33,0.723,HIGH,0.277,22.83,101.27,20.44,-0.84,-11.2,82.73,0.51,INCREASING,INCREASING,1.62,0.26,153.9224,325.9718,0.9975,0.0656,CHINA,83.54,83.46,HIGH,73.82,131.34,2025-10-25 15:21:53,37,B82;B41;B21;B7;B31;B859;B9;B22;A84;B85,1,1,0,36,1,HIGH
2021-Q1,20211,2021,9503,"Tricycles, scooters, pedal cars and similar wheeled toys; dolls' carriages; dolls; other toys; ...",2702868,17768,3394111,7533379,36570,79.63,0.52,19.85,35.88,48.59,0.6735,HIGH,0.3265,-41.38,-49.39,-38.5,-34.17,-11.1,81.7,0.51,DECREASING,INCREASING,-3.91,-0.12,222.8609,301.7952,1.1246,0.0622,CHINA,79.63,80.02,HIGH,72.27,152.11,2025-10-25 15:21:53,37,B82;B41;B21;B7;B31;B859;B9;B22;A84;B85,1,1,0,36,1,HIGH
2021-Q2,20212,2021,9503,"Tricycles, scooters, pedal cars and similar wheeled toys; dolls' carriages; dolls; other toys; ...",2600851,18763,3411653,9627038,35224,76.23,0.55,23.22,27.02,53.27,0.635,HIGH,0.365,-3.77,5.6,0.52,27.79,-3.68,80.33,0.52,DECREASING,INCREASING,-3.4,0.03,166.9486,329.1725,1.5823,0.0535,CHINA,76.23,77.17,HIGH,70.81,138.61,2025-10-25 15:21:53,37,B82;B41;B21;B7;B31;B859;B9;B22;A84;B85,1,1,0,36,1,HIGH
2021-Q3,20213,2021,9503,"Tricycles, scooters, pedal cars and similar wheeled toys; dolls' carriages; dolls; other toys; ...",4643701,34156,5648505,14927766,59613,82.21,0.6,17.19,31.11,57.3,0.7054,HIGH,0.2946,78.55,82.04,65.57,55.06,69.24,80.4,0.58,INCREASING,INCREASING,5.98,0.05,116.1076,213.854,1.4012,0.0487,CHINA,82.21,82.27,HIGH,73.13,135.95,2025-10-25 15:21:53,37,B82;B41;B21;B7;B31;B859;B9;B22;A84;B85,1,1,0,36,1,HIGH
2021-Q4,20214,2021,9503,"Tricycles, scooters, pedal cars and similar wheeled toys; dolls' carriages; dolls; other toys; ...",5998081,34118,7226212,14030662,42814,83.0,0.47,16.53,42.75,79.69,0.7162,HIGH,0.2838,29.17,-0.11,27.93,-6.01,-28.18,80.27,0.54,INCREASING,DECREASING,0.79,-0.13,124.7235,232.4941,0.9946,0.0285,CHINA,83.0,82.99,HIGH,73.3,175.8,2025-10-25 15:21:53,37,B82;B41;B21;B7;B31;B859;B9;B22;A84;B85,1,1,0,36,1,HIGH
2022-Q1,20221,2022,9503,"Tricycles, scooters, pedal cars and similar wheeled toys; dolls' carriages; dolls; other toys; ...",4188477,24543,5201377,8905247,39352,80.53,0.47,19.0,47.03,62.37,0.6846,HIGH,0.3154,-30.17,-28.06,-28.02,-36.53,-8.09,80.49,0.52,INCREASING,DECREASING,-2.47,0.0,190.6411,252.7943,1.0013,0.0278,CHINA,80.53,80.8,HIGH,72.3,170.65,2025-10-25 15:21:53,37,B82;B41;B21;B7;B31;B859;B9;B22;A84;B85,1,1,0,36,1,HIGH
2022-Q2,20222,2022,9503,"Tricycles, scooters, pedal cars and similar wheeled toys; dolls' carriages; dolls; other toys; ...",4010739,25296,5129008,12259232,40700,78.2,0.49,21.31,32.72,62.15,0.657,HIGH,0.343,-4.24,3.07,-1.39,37.66,3.43,80.98,0.51,DECREASING,DECREASING,-2.33,0.02,134.4784,255.4753,1.5409,0.0269,CHINA,78.2,78.81,HIGH,71.35,158.55,2025-10-25 15:21:53,37,B82;B41;B21;B7;B31;B859;B9;B22;A84;B85,1,1,0,36,1,HIGH
2022-Q3,20223,2022,9503,"Tricycles, scooters, pedal cars and similar wheeled toys; dolls' carriages; dolls; other toys; ...",6008136,42322,7289054,15538496,53584,82.43,0.58,16.99,38.67,78.98,0.7084,HIGH,0.2916,49.8,67.31,42.11,26.75,31.66,81.04,0.5,INCREASING,INCREASING,4.23,0.09,111.8367,228.4466,1.2566,0.0276,CHINA,82.43,82.47,HIGH,73.02,141.96,2025-10-25 15:21:53,37,B82;B41;B21;B7;B31;B859;B9;B22;A84;B85,1,1,0,36,1,HIGH
2022-Q4,20224,2022,9503,"Tricycles, scooters, pedal cars and similar wheeled toys; dolls' carriages; dolls; other toys; ...",3587822,30360,4533933,11653216,33557,79.13,0.67,20.2,30.79,90.47,0.667,HIGH,0.333,-40.28,-28.26,-37.8,-25.0,-37.37,80.07,0.55,DECREASING,INCREASING,-3.3,0.09,143.1643,420.696,1.4055,0.0265,CHINA,79.13,79.58,HIGH,71.65,118.17,2025-10-25 15:21:53,37,B82;B41;B21;B7;B31;B859;B9;B22;A84;B85,1,1,0,36,1,HIGH
2023-Q1,20231,2023,9503,"Tricycles, scooters, pedal cars and similar wheeled toys; dolls' carriages; dolls; other toys; ...",2437827,23303,3242629,8286668,26217,75.18,0.72,24.1,29.42,88.89,0.6233,HIGH,0.3767,-32.05,-23.24,-28.48,-28.89,-21.87,78.74,0.62,DECREASING,INCREASING,-3.95,0.05,191.2716,577.9049,1.4811,0.0233,CHINA,75.18,76.29,HIGH,70.02,104.61,2025-10-25 15:21:53,37,B82;B41;B21;B7;B31;B859;B9;B22;A84;B85,1,1,0,36,1,HIGH
2023-Q2,20232,2023,9503,"Tricycles, scooters, pedal cars and similar wheeled toys; dolls' carriages; dolls; other toys; ...",2419494,18689,3223197,9776681,35270,75.07,0.58,24.35,24.75,52.99,0.6229,HIGH,0.3771,-0.75,-19.8,-0.6,17.98,34.53,77.95,0.64,DECREASING,DECREASING,-0.11,-0.14,161.8717,346.592,1.8391,0.0377,CHINA,75.07,76.22,HIGH,70.17,129.45,2025-10-25 15:21:53,37,B82;B41;B21;B7;B31;B859;B9;B22;A84;B85,1,1,0,36,1,HIGH
2023-Q3,20233,2023,9503,"Tricycles, scooters, pedal cars and similar wheeled toys; dolls' carriages; dolls; other toys; ...",4132385,29123,5271186,12554215,49149,78.4,0.55,21.05,32.92,59.25,0.659,HIGH,0.341,70.8,55.83,63.54,28.41,39.35,76.95,0.63,INCREASING,DECREASING,3.33,-0.03,131.6521,236.9943,1.3521,0.0308,CHINA,78.4,78.97,HIGH,71.45,141.89,2025-10-25 15:21:53,37,B82;B41;B21;B7;B31;B859;B9;B22;A84;B85,1,1,0,36,1,HIGH
2023-Q4,20234,2023,9503,"Tricycles, scooters, pedal cars and similar wheeled toys; dolls' carriages; dolls; other toys; ...",4036584,33576,5122951,9925575,33762,78.79,0.66,20.55,40.67,99.45,0.6631,HIGH,0.3369,-2.32,15.29,-2.81,-20.94,-31.31,76.86,0.63,INCREASING,INCREASING,0.39,0.11,167.3643,409.2657,1.0699,0.0246,CHINA,78.79,79.29,HIGH,71.5,120.22,2025-10-25 15:21:53,37,B82;B41;B21;B7;B31;B859;B9;B22;A84;B85,1,1,0,36,1,HIGH
2024-Q1,20241,2024,9503,"Tricycles, scooters, pedal cars and similar wheeled toys; dolls' carriages; dolls; other toys; ...",2731009,21988,3608788,8459758,34162,75.68,0.61,23.71,32.28,64.36,0.629,HIGH,0.371,-32.34,-34.51,-29.56,-14.77,1.18,76.99,0.6,DECREASING,INCREASING,-3.11,-0.05,188.5943,376.0156,1.3343,0.0261,CHINA,75.68,76.71,HIGH,70.29,124.2,2025-10-25 15:21:53,37,B82;B41;B21;B7;B31;B859;B9;B22;A84;B85,1,1,0,36,1,HIGH
2024-Q2,20242,2024,9503,"Tricycles, scooters, pedal cars and similar wheeled toys; dolls' carriages; dolls; other toys; ...",2435559,20708,3311979,9530669,37497,73.54,0.63,25.83,25.55,55.23,0.6076,HIGH,0.3924,-10.82,-5.82,-8.22,12.66,9.76,76.6,0.61,DECREASING,INCREASING,-2.14,0.02,162.6719,351.5433,1.7759,0.0382,CHINA,73.54,75.0,HIGH,69.55,117.61,2025-10-25 15:21:53,37,B82;B41;B21;B7;B31;B859;B9;B22;A84;B85,1,1,0,36,1,HIGH
2024-Q3,20243,2024,9503,"Tricycles, scooters, pedal cars and similar wheeled toys; dolls' carriages; dolls; other toys; ...",4745895,32110,6077771,11797703,59136,78.09,0.53,21.38,40.23,54.3,0.6555,HIGH,0.3445,94.86,55.06,83.51,23.79,57.71,76.53,0.61,INCREASING,DECREASING,4.55,-0.1,139.5408,188.3514,1.2467,0.0478,CHINA,78.09,78.71,HIGH,71.5,147.8,2025-10-25 15:21:53,37,B82;B41;B21;B7;B31;B859;B9;B22;A84;B85,1,1,0,36,1,HIGH
2024-Q4,20244,2024,9503,"Tricycles, scooters, pedal cars and similar wheeled toys; dolls' carriages; dolls; other toys; ...",4510682,47825,5908770,10121357,38548,76.34,0.81,22.85,44.57,124.07,0.6351,HIGH,0.3649,-4.96,48.94,-2.78,-14.21,-34.81,75.91,0.64,INCREASING,INCREASING,-1.75,0.28,159.0125,442.6708,1.0099,0.0293,CHINA,76.34,77.22,HIGH,70.5,94.31,2025-10-25 15:21:53,37,B82;B41;B21;B7;B31;B859;B9;B22;A84;B85,1,1,0,36,1,HIGH
2025-Q1,20251,2025,9503,"Tricycles, scooters, pedal cars and similar wheeled toys; dolls' carriages; dolls; other toys; ...",2864685,26238,3887231,7996660,34284,73.69,0.67,25.64,35.82,76.53,0.6088,HIGH,0.3912,-36.49,-45.14,-34.21,-20.99,-11.06,75.42,0.66,DECREASING,INCREASING,-2.65,-0.14,194.291,415.0722,1.4859,0.0354,CHINA,73.69,75.11,HIGH,69.56,109.18,2025-10-25 15:21:53,37,B82;B41;B21;B7;B31;B859;B9;B22;A84;B85,1,1,0,36,1,HIGH
2025-Q2,20252,2025,9503,"Tricycles, scooters, pedal cars and similar wheeled toys; dolls' carriages; dolls; other toys; ...",1569994,19308,2615938,9599488,43885,60.02,0.74,39.24,16.35,44.0,0.5143,HIGH,0.4857,-45.19,-26.41,-32.7,20.04,28.0,72.04,0.69,DECREASING,INCREASING,-13.67,0.07,131.8097,354.5835,2.6827,0.069,CHINA,60.02,65.44,MEDIUM,64.4,81.31,2025-10-25 15:21:53,37,B82;B41;B21;B7;B31;B859;B9;B22;A84;B85,1,1,0,36,1,HIGH
